909172493,Web Seller,Winona Eleanor,Arrington Watts,Femenino,5578549,petersen@yahoo.com,24,Web Seller,Cali
688494345,Psicologia,Michael Dee,Weir Kellner,Masculino,3503473,retoh@att.net,8,Psicologia,Cali
641572572,Administrador,Bruce Philip,Stone Ames,Masculino,6263781,spadkins@sbcglobal.net,69,Administrador,Medellin
273362286,Vendedor Voz a Voz,Cynthia Nancy,Mcelligott Bridges,Femenino,8387545,mailarc@sbcglobal.net,2,Vendedor Voz a Voz,La Habana
319661156,Contador,Joseph Tony,Leonard Garcia,Masculino,2826343,oechslin@mac.com,31,Contador,Berlin
553709164,Administrador,Valarie Brenda,Whipple Byrne,Femenino,7548047,leviathan@icloud.com,39,Administrador,Berlin
727672097,Vendedor Voz a Voz,Robert Steve,Cruz Fink,Masculino,4456646,ournews@msn.com,72,Vendedor Voz a Voz,Bilbao
1017346806,Web Seller,Peggy Jeanna,Johnson Atherton,Femenino,5977357,agapow@live.com,25,Web Seller,Barcelona
957148892,Administrador,Anna Karen,Garza Vinton,Femenino,3524228,pthomsen@yahoo.com,94,Administrador,Barcelona
1017018138,Auditor,Julian Jerry,Alexader Flores,Masculino,2117768,dowdy@live.com,34,Auditor,Helsinki
927472231,Administrador,William Ernesto,Himenez Saulter,Masculino,9084984,codex@hotmail.com,55,Administrador,Helsinki
718444856,Vendedor Voz a Voz,Frankie Gabriela,Haveman Ausdemore,Femenino,9619370,timtroyr@icloud.com,59,Vendedor Voz a Voz,Paris
979421675,Vendedor Call Center,Patricia Jennifer,Timmons Lee,Femenino,9236780,eimear@aol.com,65,Vendedor Call Center,Paris
330740154,Vendedor Call Center,Liliana Sandra,Vasquez Bender,Femenino,9796590,jonathan@gmail.com,38,Vendedor Call Center,Londres
836013623,Asesor Juridico,Jerome Randy,Rosenberg West,Masculino,2154638,msloan@me.com,27,Asesor Juridico,Londres
153250507,Director de Departamento,Eugenio Aaron,Kennedy Kiely,Masculino,2921843,loscar@mac.com,13,Director de Departamento,Bogota
583349019,Director de Departamento,Daniel Wayne,Morris Bleau,Masculino,5717258,jpflip@comcast.net,31,Director de Departamento,Medellin
300332508,Director de Departamento,Nancy Mabel,Campbell Davis,Femenino,8958853,jkegl@outlook.com,3,Director de Departamento,Medellin
486378664,Director de Departamento,Tiffany Rose,Sandoval Whitaker,Femenino,5289202,mirod@att.net,65,Director de Departamento,La Habana
800326018,Director de Departamento,Ronald Jay,Mcknight Olsen,Masculino,1136516,fallorn@live.com,84,Director de Departamento,Bilbao
173376343,Director de Departamento,Peter Jeffrey,Rutledge Sok,Masculino,9853442,frikazoyd@optonline.net,55,Director de Departamento,Bilbao
723495029,Director de Departamento,Carmen Elizabeth,Stern Fletcher,Femenino,5239712,jonathan@icloud.com,99,Director de Departamento,Barcelona
247264031,Director de Departamento,Shirley Margarita,Stewart Stockton,Femenino,4811043,rasca@outlook.com,29,Director de Departamento,Paris
809911378,Director de Departamento,Robert Buck,Claycomb Todd,Masculino,9193552,lridener@icloud.com,97,Director de Departamento,Paris
271770893,Director de Departamento,Jennifer Edith,Gonzales Becker,Femenino,2700157,jelmer@me.com,52,Director de Departamento,Londres
771055852,Director de Departamento,Walter John,Vu Villegas,Masculino,6165906,lbaxter@icloud.com,69,Director de Departamento,Londres
728113204,Vendedor Voz a Voz,Spencer Numbers,Graves Reed,Masculino,8261697,uncle@gmail.com,6,Vendedor Voz a Voz,Bogota
300950050,Auditor,Krista Tara,Lynd Diaz,Femenino,9808744,raides@mac.com,13,Auditor,Bogota
490851764,Vendedor Voz a Voz,Lorna Eva,Kilpatrick Juelfs,Femenino,4408303,rmcfarla@icloud.com,4,Vendedor Voz a Voz,Cali
356539996,Auditor,Virginia Shanika,Berrier Law,Femenino,5470759,ramollin@live.com,94,Auditor,Cali
799817658,Contador,Erika Patsy,Levin Alexander,Femenino,4212384,okroeger@icloud.com,2,Contador,Medellin
294706666,Administrador,Sylvia Shira,Praino Schellhase,Femenino,5182948,dpitts@sbcglobal.net,40,Administrador,Medellin
42371311,Vendedor Voz a Voz,Juliana Patricia,Scallon Curnutte,Femenino,1914534,thurston@att.net,68,Vendedor Voz a Voz,Barranquilla
134775947,Vendedor Call Center,Brenda Josephine,Tomlinson Frank,Femenino,2875001,stewwy@hotmail.com,96,Vendedor Call Center,Barranquilla
1084534852,Web Seller,Bobby Matthew,Wells Robinson,Masculino,6290065,mddallara@gmail.com,36,Web Seller,Berlin
1052987546,Contador,James Frank,Newman Kelash,Masculino,4438103,rande@live.com,33,Contador,Berlin
497333594,Administrador,Lynette Claire,Kummer Baccus,Femenino,5453326,north@yahoo.com,29,Administrador,Berlin
313590083,Vendedor Voz a Voz,Melba Tandra,Flores Holman,Femenino,1593719,kwilliams@yahoo.com,73,Vendedor Voz a Voz,Copenhague
411651127,Vendedor Voz a Voz,Thomas William,Hooks Houston,Masculino,5495762,mfburgo@icloud.com,37,Vendedor Voz a Voz,Bilbao
463927382,Contador,Terence Robert,Johnson Juarez,Masculino,7179006,mugwump@att.net,50,Contador,Bilbao
239334130,Vendedor Call Center,Travis Thomas,Browning Mitchell,Masculino,1682811,dwsauder@mac.com,24,Vendedor Call Center,Barcelona
1050929573,Asesor Juridico,Peggy Sue,Stoll Lowe,Femenino,9687306,salesgeek@mac.com,18,Asesor Juridico,Barcelona
555261879,Auditor,Gerald James,Cuellar Kubik,Masculino,6577712,hamilton@verizon.net,83,Auditor,Helsinki
882828963,Web Seller,Brandon Robert,White Miller,Masculino,5874960,muadip@outlook.com,46,Web Seller,Paris
102458539,Auditor,Elizabeth Theresa,Gutierrez Lindsey,Femenino,8166164,joelw@comcast.net,68,Auditor,Paris
940784254,Asesor Juridico,Maria Linda,Zelaya Cornell,Femenino,3514465,symbolic@icloud.com,42,Asesor Juridico,Paris
264630507,Contratacion,Fred Mark,Grossman Mahan,Masculino,8599068,sonnen@yahoo.com,11,Contratacion,Londres
472435625,Director de Departamento,Delbert Eddie,Haggerty Villani,Masculino,1268153,seasweb@sbcglobal.net,34,Director de Departamento,Bogota
87929509,Director de Departamento,Dorthy Rebecca,Slevin Thiel,Femenino,7652144,research@verizon.net,0,Director de Departamento,Medellin
928290595,Director de Departamento,Erma Kathleen,Nelson Rainer,Femenino,8823812,jramio@comcast.net,70,Director de Departamento,Berlin
132869171,Director de Departamento,Anne Stephanie,Holderby Hiemstra,Femenino,1045924,pajas@gmail.com,17,Director de Departamento,Bilbao
937674373,Director de Departamento,Jennifer Thelma,Stukel Lowe,Femenino,3005221,cameron@yahoo.ca,42,Director de Departamento,Barcelona
89729929,Director de Departamento,Alexander Michael,Huber Blackwell,Masculino,4436514,jguyer@verizon.net,93,Director de Departamento,Helsinki
724723789,Director de Departamento,John Jamal,Leboeuf Carpenter,Masculino,4828281,parrt@sbcglobal.net,34,Director de Departamento,Londres
210569997,Sub Gerente,Amanda Della,Keiss Smith,Femenino,4077753,geekoid@hotmail.com,95,Sub Gerente,Bogota
626395070,Web Seller,Josephine Shirley,Mceachran Curtis,Femenino,6707930,laird@gmail.com,16,Web Seller,Bogota
688876902,Administrador,Kyle Marcos,Sonoski Harper,Masculino,4407062,goldberg@sbcglobal.net,2,Administrador,Bogota
1061445900,Contador,Annie Tera,Mccullough Walsh,Femenino,8829742,lridener@aol.com,33,Contador,Medellin
875936932,Contador,Tara Cecelia,Buckley Kafka,Femenino,8902320,chrisk@icloud.com,56,Contador,Barranquilla
617016271,Contador,Jeremy Alex,Balderama Patel,Masculino,2461174,nichoj@me.com,54,Contador,La Habana
866559727,Auditor,Daniel Patrick,Jones Orzell,Masculino,8431062,mhouston@outlook.com,45,Auditor,La Habana
841049634,Planner,Joe John,Dignan Mcintyre,Masculino,8247342,symbolic@mac.com,93,Planner,Berlin
1054146444,Vendedor Voz a Voz,Rhonda Corrine,Bachmeier Sly,Femenino,3187120,lpalmer@outlook.com,6,Vendedor Voz a Voz,Copenhague
44960575,Vendedor Call Center,Rodney James,Propst Seaton,Masculino,5613047,cfhsoft@icloud.com,1,Vendedor Call Center,Copenhague
700767441,Planner,Jerry Timothy,Chaidez Phelps,Masculino,1905907,dmath@hotmail.com,31,Planner,Barcelona
667378454,Vendedor Voz a Voz,Kristan Gloria,Tipton Dent,Femenino,4949372,farber@yahoo.ca,24,Vendedor Voz a Voz,Helsinki
855302896,Auditor,Denise Teresa,Balkcom Heflin,Femenino,3161932,melnik@sbcglobal.net,33,Auditor,Helsinki
294465490,Administrador,Ron Joseph,Gibson Bonds,Masculino,2228148,chance@sbcglobal.net,58,Administrador,Paris
899761177,Contratacion,Lori Alejandra,Huver Smith,Femenino,6220082,chunzi@mac.com,63,Contratacion,Londres
586279219,Director de Departamento,Alton Albert,Martin Gonsales,Masculino,3120206,barlow@gmail.com,2,Director de Departamento,Cali
1017981863,Director de Departamento,Samantha Jessica,Fine Miller,Femenino,6224947,earmstro@aol.com,6,Director de Departamento,Cali
835646523,Director de Departamento,Gregory Victor,Bailey Nast,Masculino,1031385,chlim@icloud.com,62,Director de Departamento,Barranquilla
978021804,Director de Departamento,Tuyet Alberta,Davis Dearborn,Femenino,3617670,lushe@live.com,92,Director de Departamento,La Habana
759148133,Director de Departamento,William Javier,Clancy White,Masculino,6962727,sbmrjbr@gmail.com,98,Director de Departamento,Berlin
514453821,Director de Departamento,Pamela Wanda,Ferris Mccoy,Femenino,1113419,chrisk@msn.com,6,Director de Departamento,Berlin
322514757,Director de Departamento,Harry Eddie,Boggs Banchero,Masculino,8278108,dogdude@yahoo.ca,69,Director de Departamento,Berlin
48795612,Director de Departamento,Theodore Eugene,Horne Mckillip,Masculino,2202626,mavilar@outlook.com,85,Director de Departamento,Bilbao
613696497,Director de Departamento,John William,Gunn Clark,Masculino,5365106,gward@verizon.net,16,Director de Departamento,Barcelona
946753949,Director de Departamento,Madeleine Amanda,Dresser Rennemeyer,Femenino,5599466,facet@msn.com,87,Director de Departamento,Helsinki
605314413,Director de Departamento,Mara Gloria,Emory Morris,Femenino,2103785,birddog@mac.com,62,Director de Departamento,Paris
616844525,Director de Departamento,Margaret Stella,Cabrera Villa,Femenino,3658339,gknauss@sbcglobal.net,78,Director de Departamento,Londres
340921311,Gerente,Cynthia Geri,Huntsberger Fowler,Femenino,4279907,jacks@comcast.net,57,Gerente,Bogota
705975365,Sub Gerente,Harold Eddie,Person Austin,Masculino,4943365,duncand@verizon.net,37,Sub Gerente,Bogota
