423477824,Vendedor Voz a Voz,Mary Carrie,Perez Hamel,Femenino,mary.perez@ventascolombia.co,26/07/2006,comercial,Vendedor Voz a Voz,Bogota,Scott Pecoraro,2329144,7,0
85939845,Vendedor Voz a Voz,Donna Valerie,Mireles Pyon,Femenino,donna.mireles@ventascolombia.co,23/05/2003,comercial,Vendedor Voz a Voz,Bogota,Scott Pecoraro,2990985,7,0
446644026,Vendedor Voz a Voz,James Jason,Winchester Williams,Masculino,james.winchester@ventascolombia.co,17/08/2008,comercial,Vendedor Voz a Voz,Bogota,Scott Pecoraro,2675562,11,0
1100262421,Vendedor Voz a Voz,Monica Tracy,Bade Hirschman,Femenino,monica.bade@ventascolombia.co,1/2/95,comercial,Vendedor Voz a Voz,Bogota,Scott Pecoraro,2728280,3,0
982806683,Vendedor Call Center,Gerald Kenneth,Goers Hunter,Masculino,gerald.goers@ventascolombia.co,22/01/2002,comercial,Vendedor Call Center,Bogota,Scott Pecoraro,2597896,12,0
192868141,Vendedor Call Center,Brian Joseph,Bryant Dewick,Masculino,brian.bryant@ventascolombia.co,1/4/07,comercial,Vendedor Call Center,Bogota,Scott Pecoraro,2927414,4,0
1086598641,Vendedor Call Center,Jaimie Natalie,Harrison Chipman,Femenino,jaimie.harrison@ventascolombia.co,17/12/2016,comercial,Vendedor Call Center,Bogota,Scott Pecoraro,2852603,4,0
173533836,Vendedor Call Center,Harry Lloyd,Seymour Baker,Masculino,harry.seymour@ventascolombia.co,8/7/91,comercial,Vendedor Call Center,Bogota,Scott Pecoraro,2676019,12,0
853966843,Vendedor Call Center,Daniel Thomas,Brown Kim,Masculino,daniel.brown@ventascolombia.co,10/9/99,comercial,Vendedor Call Center,Bogota,Scott Pecoraro,2586366,7,0
842130765,Vendedor Call Center,Carmella Sherri,Nauman Fells,Femenino,carmella.nauman@ventascolombia.co,14/02/2018,comercial,Vendedor Call Center,Bogota,Scott Pecoraro,2749453,6,0
807229090,Vendedor Call Center,Walter James,Gonzalez Aguilar,Masculino,walter.gonzalez@ventascolombia.co,9/9/15,comercial,Vendedor Call Center,Bogota,Scott Pecoraro,2678607,10,0
1110090096,Web Seller,Harry Robert,Hinh Leabow,Masculino,harry.hinh@ventascolombia.co,15/12/1990,comercial,Web Seller,Bogota,Scott Pecoraro,2216577,10,0
378848229,Web Seller,Susan Dianne,Rockhill Mitchell,Femenino,susan.rockhill@ventascolombia.co,19/12/2005,comercial,Web Seller,Bogota,Scott Pecoraro,2644799,9,0
734602145,Web Seller,Delphine Sandra,Ward Rosenfield,Femenino,delphine.ward@ventascolombia.co,7/5/14,comercial,Web Seller,Bogota,Scott Pecoraro,2690901,5,0
157544937,Psicologia,Colby William,Tony Troup,Masculino,colby.tony@ventascolombia.co,2/11/96,recursos humanos,Psicologia,Bogota,Richard Stout,3491309,Null,Null
579651297,Psicologia,Evelyn Ebony,Moore Smith,Femenino,evelyn.moore@ventascolombia.co,23/08/2016,recursos humanos,Psicologia,Bogota,Richard Stout,3024323,Null,Null
442110645,Psicologia,Ruth Annette,Morgan Smith,Femenino,ruth.morgan@ventascolombia.co,26/08/2008,recursos humanos,Psicologia,Bogota,Richard Stout,2922308,Null,Null
1049620973,Contratacion,Andrew John,Barnes Slaton,Masculino,andrew.barnes@ventascolombia.co,15/06/2014,recursos humanos,Contratacion,Bogota,Richard Stout,2464744,Null,Null
387940126,Contratacion,Misty Stella,Pioske Nguyen,Femenino,misty.pioske@ventascolombia.co,11/1/18,recursos humanos,Contratacion,Bogota,Richard Stout,2958272,Null,Null
139039323,Contratacion,Mary Kathleen,Beverly Chesley,Femenino,mary.beverly@ventascolombia.co,14/06/2006,recursos humanos,Contratacion,Bogota,Richard Stout,2409048,Null,Null
234442004,Contador,Maryann Alvina,Wyatt Woll,Femenino,maryann.wyatt@ventascolombia.co,6/9/05,financiero,Contador,Bogota,Timothy Fields,3396321,Null,Null
1105580546,Contador,David John,Abbott Mcgowan,Masculino,david.abbott@ventascolombia.co,16/04/1995,financiero,Contador,Bogota,Timothy Fields,3111654,Null,Null
165996404,Contador,Nona Joan,Aaron Collins,Femenino,nona.aaron@ventascolombia.co,17/08/1993,financiero,Contador,Bogota,Timothy Fields,3111725,Null,Null
1101393716,Contador,Helen Irma,Opland Mora,Femenino,helen.opland@ventascolombia.co,24/03/2004,financiero,Contador,Bogota,Timothy Fields,3623055,Null,Null
400511391,Contador,Antonio Carl,Prince Myrlie,Masculino,antonio.prince@ventascolombia.co,8/6/14,financiero,Contador,Bogota,Timothy Fields,3110051,Null,Null
619623583,Contador,Joseph James,Moon Toner,Masculino,joseph.moon@ventascolombia.co,24/04/2008,financiero,Contador,Bogota,Timothy Fields,3896065,Null,Null
779841052,Auditor,Lady Lisa,Anderson Neal,Femenino,lady.anderson@ventascolombia.co,13/05/2008,financiero,Auditor,Bogota,Timothy Fields,3570784,Null,Null
270376478,Auditor,Edward Howard,Johnson Lentini,Masculino,edward.johnson@ventascolombia.co,4/6/04,financiero,Auditor,Bogota,Timothy Fields,3042034,Null,Null
238428985,Auditor,Jodie Jean,Michaud Noel,Femenino,jodie.michaud@ventascolombia.co,21/07/1995,financiero,Auditor,Bogota,Timothy Fields,3232597,Null,Null
499209815,Auditor,Lavern Nancy,Wilson Daniel,Femenino,lavern.wilson@ventascolombia.co,10/4/02,financiero,Auditor,Bogota,Timothy Fields,3386483,Null,Null
621965968,Auditor,Elizabeth Sherry,West Thomas,Femenino,elizabeth.west@ventascolombia.co,3/2/95,financiero,Auditor,Bogota,Timothy Fields,3946678,Null,Null
734864078,Auditor,Elizabeth Lisa,Roberts Dillon,Femenino,elizabeth.roberts@ventascolombia.co,20/07/2007,financiero,Auditor,Bogota,Timothy Fields,3010232,Null,Null
96076129,Auditor,Kathleen Mattie,Logan Jardine,Femenino,kathleen.logan@ventascolombia.co,15/08/1994,financiero,Auditor,Bogota,Timothy Fields,3067860,Null,Null
45924346,Asesor Juridico,Brandon Bruce,Morlock Smith,Masculino,brandon.morlock@ventascolombia.co,17/12/2009,administrativo,Asesor Juridico,Bogota,Damian Peyton,7376608,Null,Null
267651392,Asesor Juridico,Kenneth Ryan,Alvarez Henley,Masculino,kenneth.alvarez@ventascolombia.co,5/4/08,administrativo,Asesor Juridico,Bogota,Damian Peyton,7299495,Null,Null
656460187,Asesor Juridico,William Bo,Casey Morin,Masculino,william.casey@ventascolombia.co,1/7/91,administrativo,Asesor Juridico,Bogota,Damian Peyton,7984916,Null,Null
193475926,Administrador,Sallie Irene,Outlaw Hilley,Femenino,sallie.outlaw@ventascolombia.co,11/10/05,administrativo,Administrador,Bogota,Damian Peyton,7649852,Null,Null
480322111,Administrador,Lori Lorraine,Bartoszek Tillman,Femenino,lori.bartoszek@ventascolombia.co,21/09/1990,administrativo,Administrador,Bogota,Damian Peyton,7345852,Null,Null
350080434,Administrador,Tracy Joyce,Scott Jackson,Femenino,tracy.scott@ventascolombia.co,22/01/2010,administrativo,Administrador,Bogota,Damian Peyton,7003061,Null,Null
1001526543,Administrador,Brian John,Press Matias,Masculino,brian.press@ventascolombia.co,12/12/04,administrativo,Administrador,Bogota,Damian Peyton,7124543,Null,Null
366298700,Administrador,Berta Eleanor,Kim Roberts,Femenino,berta.kim@ventascolombia.co,1/2/13,administrativo,Administrador,Bogota,Damian Peyton,7234555,Null,Null
839890558,Administrador,James Mitchell,Rayford Johnson,Masculino,james.rayford@ventascolombia.co,2/12/09,administrativo,Administrador,Bogota,Damian Peyton,7841949,Null,Null
681718634,Vendedor Voz a Voz,Ronald Lawrence,Green Soucy,Masculino,ronald.green@ventascolombia.co,24/06/1992,comercial,Vendedor Voz a Voz,Cali,Natasha Haugen,2152110,6,0
459663886,Vendedor Voz a Voz,Francisco Donald,Hicks Roques,Masculino,francisco.hicks@ventascolombia.co,17/07/1992,comercial,Vendedor Voz a Voz,Cali,Natasha Haugen,2167516,5,0
980398555,Vendedor Voz a Voz,Jesus William,Smith Ellsworth,Masculino,jesus.smith@ventascolombia.co,17/02/2015,comercial,Vendedor Voz a Voz,Cali,Natasha Haugen,2430840,10,0
159096277,Vendedor Voz a Voz,Paula Barbara,Rendall Henderson,Femenino,paula.rendall@ventascolombia.co,20/12/2003,comercial,Vendedor Voz a Voz,Cali,Natasha Haugen,2691950,8,0
670912988,Vendedor Voz a Voz,Tawny Celia,Young Mccullough,Femenino,tawny.young@ventascolombia.co,4/11/97,comercial,Vendedor Voz a Voz,Cali,Natasha Haugen,2807854,5,0
1020438556,Vendedor Voz a Voz,Stephanie Janice,Montilla Mclaughlin,Femenino,stephanie.montilla@ventascolombia.co,11/10/10,comercial,Vendedor Voz a Voz,Cali,Natasha Haugen,2793967,12,0
1079326135,Vendedor Call Center,David Wallace,Bunch Madison,Masculino,david.bunch@ventascolombia.co,15/04/2003,comercial,Vendedor Call Center,Cali,Natasha Haugen,2908019,8,0
218785362,Vendedor Call Center,Richard Emilio,Joecks Davila,Masculino,richard.joecks@ventascolombia.co,5/9/11,comercial,Vendedor Call Center,Cali,Natasha Haugen,3078896,8,0
541840382,Vendedor Call Center,Clark David,Espinoza Rice,Masculino,clark.espinoza@ventascolombia.co,10/2/00,comercial,Vendedor Call Center,Cali,Natasha Haugen,3013346,11,0
174549193,Vendedor Call Center,Robert Michael,Bickel Taylor,Masculino,robert.bickel@ventascolombia.co,17/03/2009,comercial,Vendedor Call Center,Cali,Natasha Haugen,2866195,11,0
357436797,Vendedor Call Center,Brandon George,Hinton Ziegler,Masculino,brandon.hinton@ventascolombia.co,10/12/93,comercial,Vendedor Call Center,Cali,Natasha Haugen,2699998,7,0
867792271,Web Seller,Charles James,Rivera Jones,Masculino,charles.rivera@ventascolombia.co,4/4/13,comercial,Web Seller,Cali,Natasha Haugen,2149797,9,0
918100246,Web Seller,Angela Jamie,Martin Kaina,Femenino,angela.martin@ventascolombia.co,9/7/03,comercial,Web Seller,Cali,Natasha Haugen,2553302,4,0
191353248,Web Seller,Carol Kizzy,Neal Zahn,Femenino,carol.neal@ventascolombia.co,8/7/17,comercial,Web Seller,Cali,Natasha Haugen,2510664,5,0
68548747,Web Seller,Daniel Robert,Syvertsen Tucker,Masculino,daniel.syvertsen@ventascolombia.co,23/10/1995,comercial,Web Seller,Cali,Natasha Haugen,2311257,11,0
561286128,Web Seller,Ruth Cathy,Burgess Juhasz,Femenino,ruth.burgess@ventascolombia.co,23/12/1992,comercial,Web Seller,Cali,Natasha Haugen,2264600,6,0
182373201,Web Seller,Shawn Shane,Honda Corney,Masculino,shawn.honda@ventascolombia.co,24/07/1997,comercial,Web Seller,Cali,Natasha Haugen,2222372,11,0
1039177743,Web Seller,Angie Kimberly,Frentzel Garing,Femenino,angie.frentzel@ventascolombia.co,7/8/09,comercial,Web Seller,Cali,Natasha Haugen,2692795,7,0
131093351,Psicologia,Kim Linda,Ricley Killeagle,Femenino,kim.ricley@ventascolombia.co,16/12/1995,recursos humanos,Psicologia,Cali,Melissa Quinonez,3550122,Null,Null
1069172469,Psicologia,Carmen Betty,Jenson House,Femenino,carmen.jenson@ventascolombia.co,15/10/2017,recursos humanos,Psicologia,Cali,Melissa Quinonez,3166444,Null,Null
46112484,Psicologia,James David,Lopez Atchison,Masculino,james.lopez@ventascolombia.co,3/7/06,recursos humanos,Psicologia,Cali,Melissa Quinonez,3234764,Null,Null
766287001,Psicologia,Irene Audrey,Rivera Gregory,Femenino,irene.rivera@ventascolombia.co,14/04/2016,recursos humanos,Psicologia,Cali,Melissa Quinonez,3487626,Null,Null
1025600855,Psicologia,Leona Fran,Lockhart Page,Femenino,leona.lockhart@ventascolombia.co,19/12/2010,recursos humanos,Psicologia,Cali,Melissa Quinonez,3821004,Null,Null
886674060,Psicologia,Dennis Dan,Page Allen,Masculino,dennis.page@ventascolombia.co,2/9/03,recursos humanos,Psicologia,Cali,Melissa Quinonez,3619844,Null,Null
745011184,Psicologia,Robert Terry,Wright Gomez,Masculino,robert.wright@ventascolombia.co,16/10/1991,recursos humanos,Psicologia,Cali,Melissa Quinonez,3982015,Null,Null
535904968,Contratacion,Marian Irene,Forman Liles,Femenino,marian.forman@ventascolombia.co,12/11/04,recursos humanos,Contratacion,Cali,Melissa Quinonez,2740056,Null,Null
320558841,Contratacion,Jamie Kathleen,Hodge Camacho,Femenino,jamie.hodge@ventascolombia.co,28/11/2006,recursos humanos,Contratacion,Cali,Melissa Quinonez,2964948,Null,Null
143066114,Contratacion,Linda Emily,Tsang Jackson,Femenino,linda.tsang@ventascolombia.co,22/12/1995,recursos humanos,Contratacion,Cali,Melissa Quinonez,3378932,Null,Null
616171354,Contratacion,Robert Zackary,Mulac Whitehurst,Masculino,robert.mulac@ventascolombia.co,24/05/2014,recursos humanos,Contratacion,Cali,Melissa Quinonez,2993026,Null,Null
364384167,Contratacion,Tony Kevin,Brooks Colegrove,Masculino,tony.brooks@ventascolombia.co,8/6/92,recursos humanos,Contratacion,Cali,Melissa Quinonez,3286867,Null,Null
810863856,Contratacion,Mary Elizabeth,Rodriguez Rickard,Femenino,mary.rodriguez@ventascolombia.co,3/10/15,recursos humanos,Contratacion,Cali,Melissa Quinonez,3330248,Null,Null
335405152,Contador,Anna Florence,Trotter Lee,Femenino,anna.trotter@ventascolombia.co,24/10/2009,financiero,Contador,Cali,Anthony Allen,3532655,Null,Null
697892400,Contador,Tara Tawanda,Adams Campbell,Femenino,tara.adams@ventascolombia.co,1/9/94,financiero,Contador,Cali,Anthony Allen,3173292,Null,Null
76974218,Contador,Diane Tiffany,Rodgers Sosa,Femenino,diane.rodgers@ventascolombia.co,17/09/2009,financiero,Contador,Cali,Anthony Allen,3225464,Null,Null
706876694,Contador,Roderick Steven,Samson Guerra,Masculino,roderick.samson@ventascolombia.co,24/06/1993,financiero,Contador,Cali,Anthony Allen,3035254,Null,Null
223287524,Contador,Rena Dorothy,Remington Vessar,Femenino,rena.remington@ventascolombia.co,23/11/1994,financiero,Contador,Cali,Anthony Allen,3864535,Null,Null
242383511,Contador,Murray Randy,Herbert Prestwich,Masculino,murray.herbert@ventascolombia.co,27/06/2011,financiero,Contador,Cali,Anthony Allen,3804145,Null,Null
864223918,Auditor,Curtis Donald,Sturm Melton,Masculino,curtis.sturm@ventascolombia.co,7/12/99,financiero,Auditor,Cali,Anthony Allen,3535714,Null,Null
359149251,Auditor,Jerry Gerald,Crawford Bennett,Masculino,jerry.crawford@ventascolombia.co,17/11/2000,financiero,Auditor,Cali,Anthony Allen,3251964,Null,Null
841059530,Auditor,Vivian Jimmy,Kokko Metz,Femenino,vivian.kokko@ventascolombia.co,7/7/09,financiero,Auditor,Cali,Anthony Allen,3431680,Null,Null
314847404,Auditor,Sherman David,Armendariz Thackston,Masculino,sherman.armendariz@ventascolombia.co,21/09/2013,financiero,Auditor,Cali,Anthony Allen,3610158,Null,Null
216570645,Auditor,Una Josephine,Mcdonald Davis,Femenino,una.mcdonald@ventascolombia.co,25/10/2011,financiero,Auditor,Cali,Anthony Allen,2977026,Null,Null
495493901,Auditor,Christina Effie,Holloway Murphy,Femenino,christina.holloway@ventascolombia.co,1/11/95,financiero,Auditor,Cali,Anthony Allen,2748967,Null,Null
549423227,Asesor Juridico,Cassandra Chasity,Bailey Riddle,Femenino,cassandra.bailey@ventascolombia.co,27/05/2008,administrativo,Asesor Juridico,Cali,Mildred Milligan,7794541,Null,Null
374811624,Asesor Juridico,Alan Myron,Ferris Buziak,Masculino,alan.ferris@ventascolombia.co,2/1/06,administrativo,Asesor Juridico,Cali,Mildred Milligan,7003806,Null,Null
728035639,Asesor Juridico,Edna Kristi,Fay Bordelon,Femenino,edna.fay@ventascolombia.co,26/09/2016,administrativo,Asesor Juridico,Cali,Mildred Milligan,7297843,Null,Null
186601315,Asesor Juridico,Christian Daniel,Kennedy May,Masculino,christian.kennedy@ventascolombia.co,4/4/10,administrativo,Asesor Juridico,Cali,Mildred Milligan,7723487,Null,Null
729984608,Asesor Juridico,George John,Pumphrey Phillips,Masculino,george.pumphrey@ventascolombia.co,18/06/2011,administrativo,Asesor Juridico,Cali,Mildred Milligan,7517009,Null,Null
800880724,Asesor Juridico,Adeline Mary,Gilyard Mann,Femenino,adeline.gilyard@ventascolombia.co,8/12/12,administrativo,Asesor Juridico,Cali,Mildred Milligan,7500275,Null,Null
94446949,Asesor Juridico,Carlos Ralph,Fitzhugh Popp,Masculino,carlos.fitzhugh@ventascolombia.co,19/04/1991,administrativo,Asesor Juridico,Cali,Mildred Milligan,7223063,Null,Null
545948804,Administrador,Alton John,Mullen Gilbert,Masculino,alton.mullen@ventascolombia.co,20/06/2017,administrativo,Administrador,Cali,Mildred Milligan,7500028,Null,Null
320570976,Administrador,Etta Liliana,Wilson Mcginnis,Femenino,etta.wilson@ventascolombia.co,3/9/90,administrativo,Administrador,Cali,Mildred Milligan,7878492,Null,Null
176558169,Administrador,Dennis Mark,Tisby Sutton,Masculino,dennis.tisby@ventascolombia.co,10/1/07,administrativo,Administrador,Cali,Mildred Milligan,7401989,Null,Null
848702854,Administrador,William David,Marciniak Plante,Masculino,william.marciniak@ventascolombia.co,27/01/1994,administrativo,Administrador,Cali,Mildred Milligan,7673070,Null,Null
856686189,Administrador,Rodney Donald,Reper Nagao,Masculino,rodney.reper@ventascolombia.co,23/04/2017,administrativo,Administrador,Cali,Mildred Milligan,7251124,Null,Null
867537066,Administrador,Anthony Graham,Obiesie Mcfalls,Masculino,anthony.obiesie@ventascolombia.co,1/3/09,administrativo,Administrador,Cali,Mildred Milligan,7396905,Null,Null
991109269,Vendedor Voz a Voz,Timothy Charles,Brookshire King,Masculino,timothy.brookshire@ventascolombia.co,5/8/17,comercial,Vendedor Voz a Voz,Medellin,Monica Martinez,2238257,9,0
882033237,Vendedor Voz a Voz,William James,Pratt Manley,Masculino,william.pratt@ventascolombia.co,22/10/1999,comercial,Vendedor Voz a Voz,Medellin,Monica Martinez,2175094,12,0
72127796,Vendedor Voz a Voz,Eustolia Kathryn,Slay Tatum,Femenino,eustolia.slay@ventascolombia.co,21/01/1991,comercial,Vendedor Voz a Voz,Medellin,Monica Martinez,2966507,11,0
272330700,Vendedor Voz a Voz,Esperanza Laurie,Hawkins Wildenthaler,Femenino,esperanza.hawkins@ventascolombia.co,17/07/2006,comercial,Vendedor Voz a Voz,Medellin,Monica Martinez,2343507,9,0
713741825,Vendedor Call Center,Travis Reginald,Vine Frost,Masculino,travis.vine@ventascolombia.co,3/10/02,comercial,Vendedor Call Center,Medellin,Monica Martinez,2825667,6,0
1052039977,Vendedor Call Center,Heather Erica,Mcpherson Walker,Femenino,heather.mcpherson@ventascolombia.co,21/05/1992,comercial,Vendedor Call Center,Medellin,Monica Martinez,2438960,8,0
1035327515,Vendedor Call Center,Wendi Katrina,Thompson Moore,Femenino,wendi.thompson@ventascolombia.co,11/7/13,comercial,Vendedor Call Center,Medellin,Monica Martinez,2687796,4,0
490360670,Vendedor Call Center,Ruth Denise,Bassetti Menendez,Femenino,ruth.bassetti@ventascolombia.co,6/11/95,comercial,Vendedor Call Center,Medellin,Monica Martinez,2822038,9,0
556124797,Vendedor Call Center,Geraldine Lisa,Kilgore Ziegler,Femenino,geraldine.kilgore@ventascolombia.co,22/07/1994,comercial,Vendedor Call Center,Medellin,Monica Martinez,2143011,3,0
892686404,Vendedor Call Center,Barbara Cheryl,Pegg Ridenour,Femenino,barbara.pegg@ventascolombia.co,22/03/1991,comercial,Vendedor Call Center,Medellin,Monica Martinez,2557575,8,0
953883156,Psicologia,Carolyn Ella,Nelson Krumwiede,Femenino,carolyn.nelson@ventascolombia.co,26/04/2016,recursos humanos,Psicologia,Medellin,Stephanie Pontes,2794341,Null,Null
522233189,Psicologia,Eva Billy,Finley Maloney,Femenino,eva.finley@ventascolombia.co,13/07/2005,recursos humanos,Psicologia,Medellin,Stephanie Pontes,2923501,Null,Null
751321233,Psicologia,Rueben James,Waters Westphalen,Masculino,rueben.waters@ventascolombia.co,7/7/16,recursos humanos,Psicologia,Medellin,Stephanie Pontes,3646498,Null,Null
606659686,Psicologia,Humberto James,Williams Stevens,Masculino,humberto.williams@ventascolombia.co,25/03/1994,recursos humanos,Psicologia,Medellin,Stephanie Pontes,2740809,Null,Null
503192460,Psicologia,Martin Walter,Williams Landreneau,Masculino,martin.williams@ventascolombia.co,18/02/2004,recursos humanos,Psicologia,Medellin,Stephanie Pontes,2795789,Null,Null
627599291,Psicologia,Jackie Carolyn,Simonson Allen,Femenino,jackie.simonson@ventascolombia.co,18/02/1991,recursos humanos,Psicologia,Medellin,Stephanie Pontes,3575141,Null,Null
340662343,Psicologia,Jon Hollis,Rodriguez Wright,Masculino,jon.rodriguez@ventascolombia.co,3/2/91,recursos humanos,Psicologia,Medellin,Stephanie Pontes,2898136,Null,Null
721352701,Contador,Quentin Peter,Ramirez Pittman,Masculino,quentin.ramirez@ventascolombia.co,23/05/2017,financiero,Contador,Medellin,Calvin Sanders,2441301,Null,Null
610863535,Contador,Lola Bobbie,Hannah Jennings,Femenino,lola.hannah@ventascolombia.co,13/08/2004,financiero,Contador,Medellin,Calvin Sanders,2812171,Null,Null
675072809,Contador,Deanna Nicole,Fletcher Crabtree,Femenino,deanna.fletcher@ventascolombia.co,11/9/10,financiero,Contador,Medellin,Calvin Sanders,2306086,Null,Null
243099723,Contador,Jerry Wesley,Brady Stevens,Masculino,jerry.brady@ventascolombia.co,19/11/2004,financiero,Contador,Medellin,Calvin Sanders,2126722,Null,Null
1018975429,Contador,Dennis Leslie,Cook Kirkland,Masculino,dennis.cook@ventascolombia.co,13/10/2015,financiero,Contador,Medellin,Calvin Sanders,2186823,Null,Null
991775319,Contador,Roosevelt James,Liberto Lee,Masculino,roosevelt.liberto@ventascolombia.co,24/07/1994,financiero,Contador,Medellin,Calvin Sanders,2371186,Null,Null
392807243,Contador,Zachary Dennis,Chavez Nero,Masculino,zachary.chavez@ventascolombia.co,3/10/96,financiero,Contador,Medellin,Calvin Sanders,2349262,Null,Null
733173854,Asesor Juridico,Gerri Hattie,Cartwright Ellis,Femenino,gerri.cartwright@ventascolombia.co,14/05/1999,administrativo,Asesor Juridico,Medellin,Erick Struebing,6504346,Null,Null
132673575,Asesor Juridico,Daniel Brain,Sears Mccray,Masculino,daniel.sears@ventascolombia.co,5/4/01,administrativo,Asesor Juridico,Medellin,Erick Struebing,7487948,Null,Null
236131756,Asesor Juridico,Susan Regina,Ray Skeels,Femenino,susan.ray@ventascolombia.co,12/8/09,administrativo,Asesor Juridico,Medellin,Erick Struebing,6875544,Null,Null
463416348,Asesor Juridico,Salina Harriet,Jose Buchman,Femenino,salina.jose@ventascolombia.co,13/07/1995,administrativo,Asesor Juridico,Medellin,Erick Struebing,6608931,Null,Null
334026333,Asesor Juridico,Nina Aurelia,Grant Gregory,Femenino,nina.grant@ventascolombia.co,23/08/1991,administrativo,Asesor Juridico,Medellin,Erick Struebing,6909628,Null,Null
346455258,Asesor Juridico,Juan Julius,Knight Merlette,Masculino,juan.knight@ventascolombia.co,13/02/1998,administrativo,Asesor Juridico,Medellin,Erick Struebing,6771421,Null,Null
149779596,Administrador,Bethany Alma,Glennon Hall,Femenino,bethany.glennon@ventascolombia.co,26/06/2007,administrativo,Administrador,Medellin,Erick Struebing,7699812,Null,Null
813473042,Administrador,Bruce Stephen,Pool Narcisse,Masculino,bruce.pool@ventascolombia.co,19/06/2000,administrativo,Administrador,Medellin,Erick Struebing,7037500,Null,Null
860527779,Administrador,Thomas Michael,Mathwich Crossmon,Masculino,thomas.mathwich@ventascolombia.co,26/06/2004,administrativo,Administrador,Medellin,Erick Struebing,7018795,Null,Null
126820172,Administrador,Ralph William,Rodriguez Cantu,Masculino,ralph.rodriguez@ventascolombia.co,19/10/2001,administrativo,Administrador,Medellin,Erick Struebing,7874116,Null,Null
262601072,Administrador,Mary Faith,Marquez Fox,Femenino,mary.marquez@ventascolombia.co,19/10/2001,administrativo,Administrador,Medellin,Erick Struebing,7840608,Null,Null
309213399,Administrador,Jeffrey Tyrone,Bartkowski Weiss,Masculino,jeffrey.bartkowski@ventascolombia.co,7/10/07,administrativo,Administrador,Medellin,Erick Struebing,7180971,Null,Null
263414988,Vendedor Voz a Voz,Willie Michael,Brunette Smith,Masculino,willie.brunette@ventascolombia.co,18/12/1995,comercial,Vendedor Voz a Voz,Barranquilla,Steve Mcgrath,3206028,4,0
622028968,Vendedor Voz a Voz,Alice Madeleine,Hernandez Shepherd,Femenino,alice.hernandez@ventascolombia.co,13/02/1993,comercial,Vendedor Voz a Voz,Barranquilla,Steve Mcgrath,3422307,3,0
1050688417,Vendedor Voz a Voz,William Edward,Winfrey Armstrong,Masculino,william.winfrey@ventascolombia.co,13/07/2013,comercial,Vendedor Voz a Voz,Barranquilla,Steve Mcgrath,2802500,5,0
835106869,Vendedor Voz a Voz,Emily Maggie,Corlew Doyle,Femenino,emily.corlew@ventascolombia.co,1/4/17,comercial,Vendedor Voz a Voz,Barranquilla,Steve Mcgrath,3155604,6,0
113059220,Vendedor Call Center,Russell Colton,Smith Marcum,Masculino,russell.smith@ventascolombia.co,20/04/2014,comercial,Vendedor Call Center,Barranquilla,Steve Mcgrath,2699738,4,0
214844709,Vendedor Call Center,Michael Nicholas,Odonnell Noell,Masculino,michael.odonnell@ventascolombia.co,4/6/91,comercial,Vendedor Call Center,Barranquilla,Steve Mcgrath,2504113,11,0
334744536,Vendedor Call Center,Barbara Shana,Hesser Westrom,Femenino,barbara.hesser@ventascolombia.co,25/05/1998,comercial,Vendedor Call Center,Barranquilla,Steve Mcgrath,2978963,9,0
275569328,Vendedor Call Center,Lucia Christine,Firestine Salmon,Femenino,lucia.firestine@ventascolombia.co,16/05/2001,comercial,Vendedor Call Center,Barranquilla,Steve Mcgrath,3468073,9,0
924206646,Contador,Lawrence William,Mortensen Gray,Masculino,lawrence.mortensen@ventascolombia.co,6/9/13,financiero,Contador,Barranquilla,Woodrow January,2735167,Null,Null
519787440,Contador,Donnie Corey,Bryant Stoddard,Masculino,donnie.bryant@ventascolombia.co,6/4/98,financiero,Contador,Barranquilla,Woodrow January,2731191,Null,Null
216984348,Contador,Tyson James,Novotny Rees,Masculino,tyson.novotny@ventascolombia.co,25/06/2002,financiero,Contador,Barranquilla,Woodrow January,2677915,Null,Null
122336497,Contador,Sadie Sheryl,Rockhill Freyman,Femenino,sadie.rockhill@ventascolombia.co,3/10/00,financiero,Contador,Barranquilla,Woodrow January,2803495,Null,Null
73799769,Contador,William Lloyd,Sheffield Holland,Masculino,william.sheffield@ventascolombia.co,8/6/18,financiero,Contador,Barranquilla,Woodrow January,2713022,Null,Null
294648871,Auditor,David Jamie,Wynn Hallinan,Masculino,david.wynn@ventascolombia.co,28/02/1990,financiero,Auditor,Barranquilla,Woodrow January,3019406,Null,Null
201085141,Auditor,Sarah Miriam,Harper Sardina,Femenino,sarah.harper@ventascolombia.co,6/11/97,financiero,Auditor,Barranquilla,Woodrow January,3246986,Null,Null
385567314,Auditor,Rodney Kenneth,Brown Orahood,Masculino,rodney.brown@ventascolombia.co,5/4/16,financiero,Auditor,Barranquilla,Woodrow January,2518332,Null,Null
255247311,Asesor Contable,James Steven,Watts Holzman,Masculino,james.watts@ventascolombia.co,4/10/12,financiero,Asesor Contable,Barranquilla,Woodrow January,3928177,Null,Null
186294502,Asesor Contable,Eric William,Powell Harmon,Masculino,eric.powell@ventascolombia.co,8/2/91,financiero,Asesor Contable,Barranquilla,Woodrow January,3152095,Null,Null
102580069,Asesor Contable,Richard Andrew,Germain Brown,Masculino,richard.germain@ventascolombia.co,18/12/2010,financiero,Asesor Contable,Barranquilla,Woodrow January,3462597,Null,Null
669582547,Asesor Contable,Antoine Stuart,Ingersoll Oliver,Masculino,antoine.ingersoll@ventascolombia.co,21/09/1991,financiero,Asesor Contable,Barranquilla,Woodrow January,3958927,Null,Null
85218400,Asesor Contable,Geraldine Laurel,Ambriz Rand,Femenino,geraldine.ambriz@ventascolombia.co,21/05/2010,financiero,Asesor Contable,Barranquilla,Woodrow January,3354417,Null,Null
293474840,Vendedor Voz a Voz,Darrin John,Mccabe Calderone,Masculino,darrin.mccabe@ventascolombia.co,20/09/2012,comercial,Vendedor Voz a Voz,La Habana,Wanda Sisk,3386339,4,0
242016912,Vendedor Voz a Voz,Greg Jerry,Trahan Smolder,Masculino,greg.trahan@ventascolombia.co,3/4/14,comercial,Vendedor Voz a Voz,La Habana,Wanda Sisk,3217599,7,0
392137549,Vendedor Voz a Voz,Mary Lisa,Finger Reyes,Femenino,mary.finger@ventascolombia.co,8/5/13,comercial,Vendedor Voz a Voz,La Habana,Wanda Sisk,2668976,4,0
881631129,Vendedor Voz a Voz,Georgette Christy,Turner Plitt,Femenino,georgette.turner@ventascolombia.co,4/1/04,comercial,Vendedor Voz a Voz,La Habana,Wanda Sisk,2775414,5,0
475465939,Contador,Emma Lisa,Henderson Aguilar,Femenino,emma.henderson@ventascolombia.co,13/03/1998,financiero,Contador,La Habana,Alberta Potts,3498576,Null,Null
771666793,Contador,Maria Rochelle,Nez Brooks,Femenino,maria.nez@ventascolombia.co,13/09/1992,financiero,Contador,La Habana,Alberta Potts,2978102,Null,Null
1083871143,Contador,Georgie Ophelia,Duran Fujii,Femenino,georgie.duran@ventascolombia.co,26/06/2017,financiero,Contador,La Habana,Alberta Potts,2712558,Null,Null
66073263,Contador,Kelly Nita,Ledesma Bruno,Femenino,kelly.ledesma@ventascolombia.co,17/07/1997,financiero,Contador,La Habana,Alberta Potts,3305470,Null,Null
741340426,Contador,Janet Frances,Williams Anderson,Femenino,janet.williams@ventascolombia.co,2/5/12,financiero,Contador,La Habana,Alberta Potts,3274238,Null,Null
206594256,Contador,Mary Melanie,Kinkead Ray,Femenino,mary.kinkead@ventascolombia.co,17/02/1999,financiero,Contador,La Habana,Alberta Potts,3668564,Null,Null
730766982,Auditor,Elizabeth Ruth,Mcclendon Hayden,Femenino,elizabeth.mcclendon@ventascolombia.co,7/11/15,financiero,Auditor,La Habana,Alberta Potts,2626214,Null,Null
714154544,Auditor,Edith Cori,Mcguire Blakeney,Femenino,edith.mcguire@ventascolombia.co,1/5/13,financiero,Auditor,La Habana,Alberta Potts,2594608,Null,Null
409962122,Auditor,Chong Ruth,Scott Kirgan,Femenino,chong.scott@ventascolombia.co,2/8/96,financiero,Auditor,La Habana,Alberta Potts,2524627,Null,Null
791850473,Auditor,Lena Chris,Moore Mobley,Femenino,lena.moore@ventascolombia.co,9/12/98,financiero,Auditor,La Habana,Alberta Potts,2236591,Null,Null
1029181419,Auditor,Mary Laura,Soler Williams,Femenino,mary.soler@ventascolombia.co,3/9/91,financiero,Auditor,La Habana,Alberta Potts,2248894,Null,Null
973409050,Vendedor Voz a Voz,Ryan James,Williams Quinn,Masculino,ryan.williams@ventascolombia.co,15/11/2007,comercial,Vendedor Voz a Voz,Berlin,Violet Mangione,2844955,7,0
133545256,Vendedor Voz a Voz,Viola Caren,Richardson Schuyler,Femenino,viola.richardson@ventascolombia.co,24/02/2013,comercial,Vendedor Voz a Voz,Berlin,Violet Mangione,2044594,3,0
853837152,Vendedor Voz a Voz,Judy Priscilla,Dunigan Burgos,Femenino,judy.dunigan@ventascolombia.co,25/09/1992,comercial,Vendedor Voz a Voz,Berlin,Violet Mangione,2123419,10,0
63069702,Vendedor Voz a Voz,William Martin,Brunson Cornelius,Masculino,william.brunson@ventascolombia.co,17/01/2011,comercial,Vendedor Voz a Voz,Berlin,Violet Mangione,2231312,8,0
110166332,Vendedor Voz a Voz,Kathryn Diana,Lin Lorge,Femenino,kathryn.lin@ventascolombia.co,4/12/94,comercial,Vendedor Voz a Voz,Berlin,Violet Mangione,2788393,10,0
803819293,Vendedor Call Center,Dwight Karl,Smith Stevens,Masculino,dwight.smith@ventascolombia.co,3/3/18,comercial,Vendedor Call Center,Berlin,Violet Mangione,2172124,3,0
491977167,Vendedor Call Center,Keith Luther,Ready Drew,Masculino,keith.ready@ventascolombia.co,16/04/1997,comercial,Vendedor Call Center,Berlin,Violet Mangione,2873429,7,0
789489412,Vendedor Call Center,Herman Alvaro,Garcia Sarver,Masculino,herman.garcia@ventascolombia.co,2/6/12,comercial,Vendedor Call Center,Berlin,Violet Mangione,2925970,10,0
1057864696,Vendedor Call Center,Roderick Earl,Christopher Kearns,Masculino,roderick.christopher@ventascolombia.co,3/1/07,comercial,Vendedor Call Center,Berlin,Violet Mangione,2029808,10,0
809460136,Web Seller,Wayne Lloyd,Blount Kriser,Masculino,wayne.blount@ventascolombia.co,7/4/99,comercial,Web Seller,Berlin,Violet Mangione,2994698,7,0
871129555,Web Seller,Michael Philip,Smith Moore,Masculino,michael.smith@ventascolombia.co,19/08/1999,comercial,Web Seller,Berlin,Violet Mangione,3167755,8,0
776445396,Web Seller,Gregory John,Moore Zeller,Masculino,gregory.moore@ventascolombia.co,26/04/2004,comercial,Web Seller,Berlin,Violet Mangione,3221431,4,0
1078078863,Web Seller,Hermelinda Erica,Rose Hubbard,Femenino,hermelinda.rose@ventascolombia.co,25/10/1992,comercial,Web Seller,Berlin,Violet Mangione,2734459,12,0
410620251,Web Seller,Nita Stephani,Parker Hines,Femenino,nita.parker@ventascolombia.co,17/11/2006,comercial,Web Seller,Berlin,Violet Mangione,2920740,3,0
945152276,Contador,Jesse James,Dodge Bowes,Masculino,jesse.dodge@ventascolombia.co,12/6/08,financiero,Contador,Berlin,Travis Novak,3119087,Null,Null
203796446,Contador,Fred Cleveland,Myers Berkowitz,Masculino,fred.myers@ventascolombia.co,6/5/98,financiero,Contador,Berlin,Travis Novak,3516696,Null,Null
806579563,Contador,Maria Anna,Doe Winters,Femenino,maria.doe@ventascolombia.co,11/11/97,financiero,Contador,Berlin,Travis Novak,3005224,Null,Null
589118270,Contador,Shera Carmen,Tramel Washington,Femenino,shera.tramel@ventascolombia.co,12/11/16,financiero,Contador,Berlin,Travis Novak,3329212,Null,Null
655215502,Contador,Oscar Joe,Howell Brumbaugh,Masculino,oscar.howell@ventascolombia.co,21/02/2011,financiero,Contador,Berlin,Travis Novak,3243687,Null,Null
364500617,Contador,James Gregory,Blackmon Luckett,Masculino,james.blackmon@ventascolombia.co,14/02/2008,financiero,Contador,Berlin,Travis Novak,3886503,Null,Null
671711548,Contador,Thomas Robert,Mccoy Houston,Masculino,thomas.mccoy@ventascolombia.co,13/11/2015,financiero,Contador,Berlin,Travis Novak,3294541,Null,Null
258133488,Asesor Juridico,Bethany Sally,Eaton Oconnor,Femenino,bethany.eaton@ventascolombia.co,5/11/98,administrativo,Asesor Juridico,Berlin,Fermin Marino,6886667,Null,Null
475220380,Asesor Juridico,Carl Rodney,Bell Rosel,Masculino,carl.bell@ventascolombia.co,7/10/16,administrativo,Asesor Juridico,Berlin,Fermin Marino,7188723,Null,Null
406025581,Asesor Juridico,Hector George,Eubanks Johnson,Masculino,hector.eubanks@ventascolombia.co,16/07/2002,administrativo,Asesor Juridico,Berlin,Fermin Marino,7084435,Null,Null
44060717,Asesor Juridico,Peter Troy,Snelgrove Young,Masculino,peter.snelgrove@ventascolombia.co,19/10/2018,administrativo,Asesor Juridico,Berlin,Fermin Marino,6756612,Null,Null
738822826,Asesor Juridico,Terry Fred,Duong Cornell,Masculino,terry.duong@ventascolombia.co,20/05/2002,administrativo,Asesor Juridico,Berlin,Fermin Marino,6511214,Null,Null
364087351,Administrador,Tawnya Tanisha,Guertin Morrison,Femenino,tawnya.guertin@ventascolombia.co,7/9/16,administrativo,Administrador,Berlin,Fermin Marino,6635644,Null,Null
315436592,Administrador,Alaina Martha,Parsons Hunter,Femenino,alaina.parsons@ventascolombia.co,12/12/10,administrativo,Administrador,Berlin,Fermin Marino,6633927,Null,Null
851355509,Administrador,James Stephen,Crowell Hampton,Masculino,james.crowell@ventascolombia.co,20/01/2011,administrativo,Administrador,Berlin,Fermin Marino,7002955,Null,Null
869389651,Administrador,Laura Gloria,Novak Porter,Femenino,laura.novak@ventascolombia.co,14/08/2018,administrativo,Administrador,Berlin,Fermin Marino,7489838,Null,Null
67381976,Administrador,James Virgil,Markes Underwood,Masculino,james.markes@ventascolombia.co,18/02/2015,administrativo,Administrador,Berlin,Fermin Marino,7243594,Null,Null
740060257,Administrador,Dominique Evelyn,Dendy Muniz,Femenino,dominique.dendy@ventascolombia.co,2/11/96,administrativo,Administrador,Berlin,Fermin Marino,7045402,Null,Null
226036227,Administrador,Daniel Perry,Charriez Arellano,Masculino,daniel.charriez@ventascolombia.co,23/02/2005,administrativo,Administrador,Berlin,Fermin Marino,6839711,Null,Null
614631560,Planner,Sarah Winnie,Babin Oregel,Femenino,sarah.babin@ventascolombia.co,3/2/14,administrativo,Planner,Berlin,Fermin Marino,6875705,Null,Null
143001718,Planner,Marilyn Lori,Moreno Harris,Femenino,marilyn.moreno@ventascolombia.co,7/6/01,administrativo,Planner,Berlin,Fermin Marino,7219829,Null,Null
56317418,Planner,James Chris,Little Simons,Masculino,james.little@ventascolombia.co,17/11/2001,administrativo,Planner,Berlin,Fermin Marino,6981924,Null,Null
533880398,Planner,Brent Christopher,Deen Stubbendeck,Masculino,brent.deen@ventascolombia.co,5/11/16,administrativo,Planner,Berlin,Fermin Marino,7352666,Null,Null
522593306,Planner,John Neal,Matson Ford,Masculino,john.matson@ventascolombia.co,4/1/96,administrativo,Planner,Berlin,Fermin Marino,6891829,Null,Null
604925354,Planner,Christine Karen,Peed Stock,Femenino,christine.peed@ventascolombia.co,17/01/2010,administrativo,Planner,Berlin,Fermin Marino,7047444,Null,Null
724233638,Planner,James Garry,Jacobs Vargas,Masculino,james.jacobs@ventascolombia.co,19/04/2016,administrativo,Planner,Berlin,Fermin Marino,7246793,Null,Null
507261003,Vendedor Voz a Voz,Lawrence Doris,Rancourt Cote,Femenino,lawrence.rancourt@ventascolombia.co,25/07/2006,comercial,Vendedor Voz a Voz,Copenhague,George Lobur,3076351,9,0
603501792,Vendedor Voz a Voz,Timothy Michael,Hodges Evans,Masculino,timothy.hodges@ventascolombia.co,26/05/2009,comercial,Vendedor Voz a Voz,Copenhague,George Lobur,2655538,7,0
992626115,Vendedor Voz a Voz,Maria Ann,Thomas Ivey,Femenino,maria.thomas@ventascolombia.co,17/10/2005,comercial,Vendedor Voz a Voz,Copenhague,George Lobur,3032248,3,0
176145399,Vendedor Voz a Voz,David William,Jarzombek Stockman,Masculino,david.jarzombek@ventascolombia.co,27/08/1996,comercial,Vendedor Voz a Voz,Copenhague,George Lobur,2552632,6,0
123161308,Vendedor Voz a Voz,Lee Anthony,Miller Mack,Masculino,lee.miller@ventascolombia.co,11/7/04,comercial,Vendedor Voz a Voz,Copenhague,George Lobur,3304553,12,0
186711405,Vendedor Voz a Voz,Lorraine Wanda,Chernoff Bertolini,Femenino,lorraine.chernoff@ventascolombia.co,24/06/1990,comercial,Vendedor Voz a Voz,Copenhague,George Lobur,2954671,6,0
324384295,Vendedor Call Center,Alma Judy,Adams Scholl,Femenino,alma.adams@ventascolombia.co,5/1/18,comercial,Vendedor Call Center,Copenhague,George Lobur,2553862,7,0
522683342,Vendedor Call Center,Leo Bruce,Cordell Adkins,Masculino,leo.cordell@ventascolombia.co,2/7/97,comercial,Vendedor Call Center,Copenhague,George Lobur,2669763,4,0
912840257,Vendedor Call Center,Jose Larry,Hooten Howard,Masculino,jose.hooten@ventascolombia.co,24/07/2004,comercial,Vendedor Call Center,Copenhague,George Lobur,3033139,3,0
688630537,Vendedor Call Center,James Ramiro,Haney Greer,Masculino,james.haney@ventascolombia.co,27/05/2014,comercial,Vendedor Call Center,Copenhague,George Lobur,2767492,10,0
844204808,Vendedor Call Center,Ramona Vera,Wengel Grant,Femenino,ramona.wengel@ventascolombia.co,7/3/99,comercial,Vendedor Call Center,Copenhague,George Lobur,2620846,7,0
86004375,Vendedor Call Center,Christine Brianne,Selby Graham,Femenino,christine.selby@ventascolombia.co,25/02/1991,comercial,Vendedor Call Center,Copenhague,George Lobur,2683566,6,0
801967900,Vendedor Voz a Voz,Ellen Deborah,Harian Keltner,Femenino,ellen.harian@ventascolombia.co,1/12/18,comercial,Vendedor Voz a Voz,Bilbao,James Martin,2807493,4,0
92177931,Vendedor Voz a Voz,Faye Earnestine,Bybee Horton,Femenino,faye.bybee@ventascolombia.co,21/12/2001,comercial,Vendedor Voz a Voz,Bilbao,James Martin,2209948,3,0
714681758,Vendedor Voz a Voz,Robert Leonard,Boch Smith,Masculino,robert.boch@ventascolombia.co,25/01/2012,comercial,Vendedor Voz a Voz,Bilbao,James Martin,2122588,6,0
817620240,Vendedor Voz a Voz,Gabriel Eric,Arredondo Everett,Masculino,gabriel.arredondo@ventascolombia.co,22/08/1995,comercial,Vendedor Voz a Voz,Bilbao,James Martin,2301675,6,0
326222849,Vendedor Voz a Voz,Judith Tiffany,Lozon Lewis,Femenino,judith.lozon@ventascolombia.co,14/11/2004,comercial,Vendedor Voz a Voz,Bilbao,James Martin,2730283,12,0
363421758,Vendedor Voz a Voz,Kevin Joseph,Semons Olivier,Masculino,kevin.semons@ventascolombia.co,21/08/2004,comercial,Vendedor Voz a Voz,Bilbao,James Martin,2370155,11,0
543386034,Vendedor Voz a Voz,Esther Stacy,Settle Hirst,Femenino,esther.settle@ventascolombia.co,27/07/2009,comercial,Vendedor Voz a Voz,Bilbao,James Martin,2978667,9,0
593980741,Vendedor Call Center,Teresa Dana,Kays Elwell,Femenino,teresa.kays@ventascolombia.co,8/9/94,comercial,Vendedor Call Center,Bilbao,James Martin,2922417,7,0
548557037,Vendedor Call Center,Katherine Consuelo,Mcdaniel Holling,Femenino,katherine.mcdaniel@ventascolombia.co,17/12/2017,comercial,Vendedor Call Center,Bilbao,James Martin,2463757,12,0
657508459,Vendedor Call Center,Helen Betty,Gadsen Porche,Femenino,helen.gadsen@ventascolombia.co,17/03/1995,comercial,Vendedor Call Center,Bilbao,James Martin,2912615,9,0
227493115,Contador,Stuart Wendell,Smith Medford,Masculino,stuart.smith@ventascolombia.co,11/9/96,financiero,Contador,Bilbao,Nadine Goodman,3341699,Null,Null
241001410,Contador,Frederick James,Bryant Ballinger,Masculino,frederick.bryant@ventascolombia.co,27/10/2017,financiero,Contador,Bilbao,Nadine Goodman,3446910,Null,Null
824410352,Contador,Rebecca Velma,Donaldson Stern,Femenino,rebecca.donaldson@ventascolombia.co,21/04/2002,financiero,Contador,Bilbao,Nadine Goodman,3340779,Null,Null
801839138,Vendedor Voz a Voz,Kent James,Rice Hughes,Masculino,kent.rice@ventascolombia.co,17/07/2007,comercial,Vendedor Voz a Voz,Barcelona,Norma Rector,2788960,7,0
178883499,Vendedor Voz a Voz,Neville John,Williams Deane,Masculino,neville.williams@ventascolombia.co,16/12/2008,comercial,Vendedor Voz a Voz,Barcelona,Norma Rector,2965790,7,0
343436646,Vendedor Voz a Voz,Annie Linda,Tovar John,Femenino,annie.tovar@ventascolombia.co,12/7/15,comercial,Vendedor Voz a Voz,Barcelona,Norma Rector,3312733,6,0
877323632,Vendedor Voz a Voz,Jason Glenn,Pugh Chapman,Masculino,jason.pugh@ventascolombia.co,23/10/1993,comercial,Vendedor Voz a Voz,Barcelona,Norma Rector,2728391,9,0
694125828,Vendedor Voz a Voz,Richard Walter,Cruz Thacher,Masculino,richard.cruz@ventascolombia.co,25/03/1990,comercial,Vendedor Voz a Voz,Barcelona,Norma Rector,2731031,10,0
715522447,Vendedor Voz a Voz,Josh Stephen,Franklin Klauer,Masculino,josh.franklin@ventascolombia.co,1/11/05,comercial,Vendedor Voz a Voz,Barcelona,Norma Rector,3361530,12,0
512602753,Vendedor Call Center,Sherry Erin,Sherrer Rossi,Femenino,sherry.sherrer@ventascolombia.co,10/2/04,comercial,Vendedor Call Center,Barcelona,Norma Rector,2864208,8,0
105196206,Vendedor Call Center,Eddie Albert,Lehman Gramm,Masculino,eddie.lehman@ventascolombia.co,10/11/96,comercial,Vendedor Call Center,Barcelona,Norma Rector,2987301,4,0
910468589,Vendedor Call Center,Barry Jesse,Swinney Poston,Masculino,barry.swinney@ventascolombia.co,16/11/1997,comercial,Vendedor Call Center,Barcelona,Norma Rector,3155960,12,0
734637211,Vendedor Call Center,Camille Elsie,Scholtens Postal,Femenino,camille.scholtens@ventascolombia.co,22/02/2016,comercial,Vendedor Call Center,Barcelona,Norma Rector,2968561,4,0
1029024404,Vendedor Call Center,John Dustin,Moore Murrell,Masculino,john.moore@ventascolombia.co,19/06/2017,comercial,Vendedor Call Center,Barcelona,Norma Rector,2802770,7,0
1055690710,Web Seller,Dorothy Mary,Moss Messick,Femenino,dorothy.moss@ventascolombia.co,6/9/97,comercial,Web Seller,Barcelona,Norma Rector,2644702,4,0
43903032,Web Seller,Francis Jeff,Middleton Thibodeaux,Masculino,francis.middleton@ventascolombia.co,20/01/1994,comercial,Web Seller,Barcelona,Norma Rector,2926948,4,0
91356745,Web Seller,Patricia Eva,Hannah Mills,Femenino,patricia.hannah@ventascolombia.co,26/04/2018,comercial,Web Seller,Barcelona,Norma Rector,2136937,12,0
766517150,Web Seller,Trent Julian,Strong Olson,Masculino,trent.strong@ventascolombia.co,13/03/1990,comercial,Web Seller,Barcelona,Norma Rector,2907868,11,0
644701176,Web Seller,Jean Viola,Crossley Hallett,Femenino,jean.crossley@ventascolombia.co,2/3/90,comercial,Web Seller,Barcelona,Norma Rector,2776685,7,0
656689516,Web Seller,Cherry Pearl,Caldeira Evans,Femenino,cherry.caldeira@ventascolombia.co,4/3/00,comercial,Web Seller,Barcelona,Norma Rector,2408896,11,0
842269184,Web Seller,Melody Stacy,Devine Wells,Femenino,melody.devine@ventascolombia.co,23/07/2001,comercial,Web Seller,Barcelona,Norma Rector,2711841,12,0
152150785,Contador,Alicia Martha,Wellman Tabor,Femenino,alicia.wellman@ventascolombia.co,6/3/96,financiero,Contador,Barcelona,Rebecca Cone,3438033,Null,Null
306352160,Contador,Vera Kari,Smith Bucknell,Femenino,vera.smith@ventascolombia.co,19/04/1996,financiero,Contador,Barcelona,Rebecca Cone,3154112,Null,Null
309896746,Contador,Blake Brian,Schwartz Cho,Masculino,blake.schwartz@ventascolombia.co,12/7/93,financiero,Contador,Barcelona,Rebecca Cone,2795909,Null,Null
472448250,Contador,Jennifer Clara,Wilbur Cothran,Femenino,jennifer.wilbur@ventascolombia.co,25/03/1998,financiero,Contador,Barcelona,Rebecca Cone,2808718,Null,Null
850468133,Contador,Lois Gisele,Tomlinson Rester,Femenino,lois.tomlinson@ventascolombia.co,20/09/1991,financiero,Contador,Barcelona,Rebecca Cone,2779280,Null,Null
819561647,Contador,Tracy Pamela,Madrigal Eckert,Femenino,tracy.madrigal@ventascolombia.co,14/10/2011,financiero,Contador,Barcelona,Rebecca Cone,3650788,Null,Null
387333635,Contador,James David,Althoff Hilliard,Masculino,james.althoff@ventascolombia.co,10/4/05,financiero,Contador,Barcelona,Rebecca Cone,3168381,Null,Null
315152990,Asesor Juridico,Robert Pablo,Robinson Sell,Masculino,robert.robinson@ventascolombia.co,6/12/98,administrativo,Asesor Juridico,Barcelona,Edith Zinn,7085901,Null,Null
144453709,Asesor Juridico,Julee Cora,Simpson Caddle,Femenino,julee.simpson@ventascolombia.co,19/05/2009,administrativo,Asesor Juridico,Barcelona,Edith Zinn,6585179,Null,Null
894894423,Asesor Juridico,Ruby Tangela,Neumayer Hernandez,Femenino,ruby.neumayer@ventascolombia.co,28/12/1995,administrativo,Asesor Juridico,Barcelona,Edith Zinn,6816298,Null,Null
777440512,Asesor Juridico,Brian James,Cochrane Howerton,Masculino,brian.cochrane@ventascolombia.co,12/6/17,administrativo,Asesor Juridico,Barcelona,Edith Zinn,6553770,Null,Null
569159466,Asesor Juridico,Jasmin Norma,Vega Temple,Femenino,jasmin.vega@ventascolombia.co,9/5/98,administrativo,Asesor Juridico,Barcelona,Edith Zinn,6880873,Null,Null
786168462,Asesor Juridico,Casey David,Peters Smith,Masculino,casey.peters@ventascolombia.co,7/7/05,administrativo,Asesor Juridico,Barcelona,Edith Zinn,6944484,Null,Null
938280582,Asesor Juridico,Rebecca Kristin,Garcia Conforti,Femenino,rebecca.garcia@ventascolombia.co,23/05/2017,administrativo,Asesor Juridico,Barcelona,Edith Zinn,7305215,Null,Null
410450153,Administrador,Lola Joyce,Bonner Laird,Femenino,lola.bonner@ventascolombia.co,3/9/01,administrativo,Administrador,Barcelona,Edith Zinn,7405948,Null,Null
842390824,Administrador,Adrianne Marion,Richardson Baxter,Femenino,adrianne.richardson@ventascolombia.co,18/06/1997,administrativo,Administrador,Barcelona,Edith Zinn,6849175,Null,Null
188320654,Administrador,Guadalupe Terry,Hudson Peterson,Femenino,guadalupe.hudson@ventascolombia.co,13/08/1993,administrativo,Administrador,Barcelona,Edith Zinn,6789976,Null,Null
527812525,Administrador,Sharon Dorothy,Taylor Mcgee,Femenino,sharon.taylor@ventascolombia.co,1/6/06,administrativo,Administrador,Barcelona,Edith Zinn,6715306,Null,Null
603849476,Administrador,Johnny George,Griffin Juergens,Masculino,johnny.griffin@ventascolombia.co,16/12/2014,administrativo,Administrador,Barcelona,Edith Zinn,6616612,Null,Null
92011681,Administrador,Jeremy Peter,Wilson Kirsch,Masculino,jeremy.wilson@ventascolombia.co,22/12/2002,administrativo,Administrador,Barcelona,Edith Zinn,6806014,Null,Null
954857727,Administrador,Catherine Joanne,Beals Ramirez,Femenino,catherine.beals@ventascolombia.co,7/8/96,administrativo,Administrador,Barcelona,Edith Zinn,7409414,Null,Null
627850657,Planner,Andres Thomas,Pease Murrow,Masculino,andres.pease@ventascolombia.co,21/04/2003,administrativo,Planner,Barcelona,Edith Zinn,7301769,Null,Null
769993407,Planner,Hunter Jason,John Hume,Masculino,hunter.john@ventascolombia.co,2/10/04,administrativo,Planner,Barcelona,Edith Zinn,6628656,Null,Null
770597138,Planner,Hattie Camille,Page Watts,Femenino,hattie.page@ventascolombia.co,23/12/1995,administrativo,Planner,Barcelona,Edith Zinn,6798783,Null,Null
117062133,Planner,Rhonda Leigh,Kavanaugh Horn,Femenino,rhonda.kavanaugh@ventascolombia.co,22/07/1994,administrativo,Planner,Barcelona,Edith Zinn,7426776,Null,Null
137795798,Planner,Barbara Joanna,Morin Sifford,Femenino,barbara.morin@ventascolombia.co,18/04/1990,administrativo,Planner,Barcelona,Edith Zinn,7192874,Null,Null
466668139,Vendedor Voz a Voz,Maria Antonia,Staggs Bank,Femenino,maria.staggs@ventascolombia.co,16/04/1991,comercial,Vendedor Voz a Voz,Helsinki,Christopher Crowe,2761349,12,0
81876399,Vendedor Voz a Voz,Julie Brenda,Hogue Alexander,Femenino,julie.hogue@ventascolombia.co,18/06/2000,comercial,Vendedor Voz a Voz,Helsinki,Christopher Crowe,2296637,4,0
563605884,Vendedor Voz a Voz,Opal Melissa,Holloway Mcwayne,Femenino,opal.holloway@ventascolombia.co,6/6/10,comercial,Vendedor Voz a Voz,Helsinki,Christopher Crowe,2575350,6,0
885273700,Vendedor Voz a Voz,Peter Edward,Lutz Guttirez,Masculino,peter.lutz@ventascolombia.co,2/4/93,comercial,Vendedor Voz a Voz,Helsinki,Christopher Crowe,2868778,6,0
720930569,Vendedor Voz a Voz,Dino Jonathan,Miranda Mark,Masculino,dino.miranda@ventascolombia.co,13/03/2000,comercial,Vendedor Voz a Voz,Helsinki,Christopher Crowe,2357968,12,0
385411003,Contador,John Andrew,Trapani Soukup,Masculino,john.trapani@ventascolombia.co,26/07/1995,financiero,Contador,Helsinki,Tamela Hancock,3851115,Null,Null
56162180,Contador,Brett David,Sulley Brown,Masculino,brett.sulley@ventascolombia.co,19/04/2009,financiero,Contador,Helsinki,Tamela Hancock,4319575,Null,Null
1055843847,Contador,Harold Rene,Lopez Watson,Masculino,harold.lopez@ventascolombia.co,17/07/2013,financiero,Contador,Helsinki,Tamela Hancock,4299126,Null,Null
102287234,Auditor,Pamela Wanda,Wetherbee Stone,Femenino,pamela.wetherbee@ventascolombia.co,10/7/99,financiero,Auditor,Helsinki,Tamela Hancock,3757515,Null,Null
1014009866,Auditor,Mary Maria,Gardner Rivera,Femenino,mary.gardner@ventascolombia.co,5/5/95,financiero,Auditor,Helsinki,Tamela Hancock,4016788,Null,Null
562131226,Auditor,Ramon Manuel,Raymond Stanley,Masculino,ramon.raymond@ventascolombia.co,9/7/95,financiero,Auditor,Helsinki,Tamela Hancock,4075921,Null,Null
119096779,Auditor,Danny Phillip,Berg Malott,Masculino,danny.berg@ventascolombia.co,1/4/92,financiero,Auditor,Helsinki,Tamela Hancock,3550529,Null,Null
609724638,Asesor Juridico,Serena Julie,Leslie Henry,Femenino,serena.leslie@ventascolombia.co,16/11/2017,administrativo,Asesor Juridico,Helsinki,Tara Seiber,7915767,Null,Null
331442327,Asesor Juridico,Max James,Wallace Dodds,Masculino,max.wallace@ventascolombia.co,23/12/2005,administrativo,Asesor Juridico,Helsinki,Tara Seiber,7844969,Null,Null
649962141,Asesor Juridico,Maria Patricia,Contreras Pope,Femenino,maria.contreras@ventascolombia.co,23/05/2017,administrativo,Asesor Juridico,Helsinki,Tara Seiber,7002260,Null,Null
799642377,Asesor Juridico,Karla Florence,Moreland Carlson,Femenino,karla.moreland@ventascolombia.co,2/11/16,administrativo,Asesor Juridico,Helsinki,Tara Seiber,7934340,Null,Null
178883346,Asesor Juridico,Aaron Raymond,Surles Nelson,Masculino,aaron.surles@ventascolombia.co,6/1/90,administrativo,Asesor Juridico,Helsinki,Tara Seiber,7656121,Null,Null
959498359,Asesor Juridico,Gladys Susan,Gearing Kelly,Femenino,gladys.gearing@ventascolombia.co,15/11/1997,administrativo,Asesor Juridico,Helsinki,Tara Seiber,7018883,Null,Null
86833458,Administrador,Thomas Donald,Sine Hayes,Masculino,thomas.sine@ventascolombia.co,10/4/08,administrativo,Administrador,Helsinki,Tara Seiber,7579026,Null,Null
64440961,Administrador,Michael Michael,Kennedy Palmer,Masculino,michael.kennedy@ventascolombia.co,16/07/2004,administrativo,Administrador,Helsinki,Tara Seiber,7936008,Null,Null
844116440,Administrador,Susan Joann,Toro Phelps,Femenino,susan.toro@ventascolombia.co,26/02/2011,administrativo,Administrador,Helsinki,Tara Seiber,7272219,Null,Null
242991225,Planner,Jerome James,Button Owens,Masculino,jerome.button@ventascolombia.co,9/10/96,administrativo,Planner,Helsinki,Tara Seiber,7367442,Null,Null
166587559,Planner,Carol Theresa,Willis Warren,Femenino,carol.willis@ventascolombia.co,22/11/1992,administrativo,Planner,Helsinki,Tara Seiber,7214167,Null,Null
911772213,Planner,Lisa Valarie,Santos Rickon,Femenino,lisa.santos@ventascolombia.co,7/11/14,administrativo,Planner,Helsinki,Tara Seiber,7249776,Null,Null
735724768,Planner,Betty Carole,Matthews Armstead,Femenino,betty.matthews@ventascolombia.co,4/8/08,administrativo,Planner,Helsinki,Tara Seiber,7737970,Null,Null
710645869,Planner,Casey Bradley,Burleigh Girman,Masculino,casey.burleigh@ventascolombia.co,19/07/1992,administrativo,Planner,Helsinki,Tara Seiber,7329653,Null,Null
807360782,Planner,Alyssa Brittany,Barette Robertson,Femenino,alyssa.barette@ventascolombia.co,11/9/90,administrativo,Planner,Helsinki,Tara Seiber,7007778,Null,Null
834812728,Planner,Jerald Antonio,Guillory Bently,Masculino,jerald.guillory@ventascolombia.co,4/6/10,administrativo,Planner,Helsinki,Tara Seiber,7596070,Null,Null
458145424,Vendedor Voz a Voz,Pamela Stacy,Thompson Faulds,Femenino,pamela.thompson@ventascolombia.co,17/04/2006,comercial,Vendedor Voz a Voz,Paris,Helen Schuman,2725895,11,0
391735308,Vendedor Voz a Voz,Angie Mary,Kriser Kratzer,Femenino,angie.kriser@ventascolombia.co,19/04/1995,comercial,Vendedor Voz a Voz,Paris,Helen Schuman,3411702,10,0
714512633,Vendedor Voz a Voz,Kathryn Lois,Nielsen Smith,Femenino,kathryn.nielsen@ventascolombia.co,21/12/1996,comercial,Vendedor Voz a Voz,Paris,Helen Schuman,3198546,8,0
650853637,Vendedor Voz a Voz,Amy Crystal,Royster Fernandez,Femenino,amy.royster@ventascolombia.co,13/10/1995,comercial,Vendedor Voz a Voz,Paris,Helen Schuman,2850376,8,0
1081019684,Vendedor Voz a Voz,Barbara Betty,Smisek Gaunt,Femenino,barbara.smisek@ventascolombia.co,8/1/98,comercial,Vendedor Voz a Voz,Paris,Helen Schuman,2612147,6,0
831349639,Vendedor Voz a Voz,Hosea Jeremy,Sanmiguel Tillman,Masculino,hosea.sanmiguel@ventascolombia.co,22/03/2012,comercial,Vendedor Voz a Voz,Paris,Helen Schuman,3385481,9,0
100779359,Vendedor Call Center,Lisa Cynthia,Williams Macina,Femenino,lisa.williams@ventascolombia.co,25/08/2008,comercial,Vendedor Call Center,Paris,Helen Schuman,2047136,3,0
373304571,Vendedor Call Center,Eleanora Sandra,Holcomb Warwick,Femenino,eleanora.holcomb@ventascolombia.co,12/4/02,comercial,Vendedor Call Center,Paris,Helen Schuman,2187591,3,0
220230435,Vendedor Call Center,Mary Roxanne,Gold Wyatt,Femenino,mary.gold@ventascolombia.co,2/9/99,comercial,Vendedor Call Center,Paris,Helen Schuman,2951309,8,0
302731857,Vendedor Call Center,Milo Isaac,Sizemore Love,Masculino,milo.sizemore@ventascolombia.co,9/6/13,comercial,Vendedor Call Center,Paris,Helen Schuman,2836725,8,0
534658916,Vendedor Call Center,Margaret Rebecca,Schnipper Redner,Femenino,margaret.schnipper@ventascolombia.co,21/11/1994,comercial,Vendedor Call Center,Paris,Helen Schuman,2129857,10,0
298904729,Vendedor Call Center,Jennifer Eileen,Adamson Deford,Femenino,jennifer.adamson@ventascolombia.co,8/9/99,comercial,Vendedor Call Center,Paris,Helen Schuman,2867463,9,0
683112598,Vendedor Call Center,Wayne Louis,Johns Fuentes,Masculino,wayne.johns@ventascolombia.co,28/12/2011,comercial,Vendedor Call Center,Paris,Helen Schuman,2723694,5,0
1105650166,Web Seller,Charlie Brian,Griffith King,Masculino,charlie.griffith@ventascolombia.co,27/08/1996,comercial,Web Seller,Paris,Helen Schuman,2629093,5,0
750591923,Web Seller,Chuck James,Duncan Rodriguez,Masculino,chuck.duncan@ventascolombia.co,15/07/1994,comercial,Web Seller,Paris,Helen Schuman,2055389,11,0
711055923,Web Seller,Eleanor Terrie,Volz Greathouse,Femenino,eleanor.volz@ventascolombia.co,24/10/2008,comercial,Web Seller,Paris,Helen Schuman,2024164,4,0
223659930,Web Seller,Joan Gracie,Cox Woodhouse,Femenino,joan.cox@ventascolombia.co,28/06/2001,comercial,Web Seller,Paris,Helen Schuman,2130663,10,0
173280019,Web Seller,Deborah Etta,Marsh Zaccaria,Femenino,deborah.marsh@ventascolombia.co,28/08/2011,comercial,Web Seller,Paris,Helen Schuman,2964216,12,0
1032926611,Contador,Robert Abraham,Fenner Thomas,Masculino,robert.fenner@ventascolombia.co,3/11/17,financiero,Contador,Paris,Jeremy Young,3765027,Null,Null
174457872,Contador,William Thomas,Perry Mcdonald,Masculino,william.perry@ventascolombia.co,11/7/10,financiero,Contador,Paris,Jeremy Young,3516039,Null,Null
422935195,Contador,Robert Rudolph,Mitchell Nobles,Masculino,robert.mitchell@ventascolombia.co,5/1/15,financiero,Contador,Paris,Jeremy Young,3706230,Null,Null
751824555,Contador,Amanda Linda,Medeiros Oconnell,Femenino,amanda.medeiros@ventascolombia.co,27/11/1999,financiero,Contador,Paris,Jeremy Young,3560113,Null,Null
168719346,Auditor,Brian Jay,Bryant Jackson,Masculino,brian.bryant@ventascolombia.co,1/3/93,financiero,Auditor,Paris,Jeremy Young,3109310,Null,Null
116782309,Auditor,Elaine Damaris,Morse Brown,Femenino,elaine.morse@ventascolombia.co,15/04/2003,financiero,Auditor,Paris,Jeremy Young,3596247,Null,Null
88976272,Auditor,Susan Christina,Johnson Olson,Femenino,susan.johnson@ventascolombia.co,15/04/2011,financiero,Auditor,Paris,Jeremy Young,2914339,Null,Null
752521975,Psicologia,Dianne Andrea,Haneke Chavez,Femenino,dianne.haneke@ventascolombia.co,15/10/1992,recursos humanos,Psicologia,Paris,Cheryl Baker,2828343,Null,Null
749990501,Psicologia,Ronald Thomas,Yates Castle,Masculino,ronald.yates@ventascolombia.co,23/12/2005,recursos humanos,Psicologia,Paris,Cheryl Baker,3161732,Null,Null
161681080,Psicologia,Dawn Karen,Harris Imler,Femenino,dawn.harris@ventascolombia.co,8/3/04,recursos humanos,Psicologia,Paris,Cheryl Baker,3199015,Null,Null
538977738,Psicologia,Violet Kelly,Jones Buchwald,Femenino,violet.jones@ventascolombia.co,14/05/2011,recursos humanos,Psicologia,Paris,Cheryl Baker,3197958,Null,Null
92639532,Asesor Juridico,Olive Lois,Catron Cerda,Femenino,olive.catron@ventascolombia.co,11/12/97,administrativo,Asesor Juridico,Paris,Daniel Mccullum,6630363,Null,Null
707106714,Asesor Juridico,Jennifer Gina,Robins Mace,Femenino,jennifer.robins@ventascolombia.co,10/10/09,administrativo,Asesor Juridico,Paris,Daniel Mccullum,7086936,Null,Null
905713324,Asesor Juridico,Terri Jennifer,Grover Parson,Femenino,terri.grover@ventascolombia.co,11/11/99,administrativo,Asesor Juridico,Paris,Daniel Mccullum,6871459,Null,Null
593327608,Asesor Juridico,David Alexander,Rennemeyer Gaston,Masculino,david.rennemeyer@ventascolombia.co,11/11/17,administrativo,Asesor Juridico,Paris,Daniel Mccullum,7054067,Null,Null
1095761058,Administrador,Summer Tonya,Mcauley Amelung,Femenino,summer.mcauley@ventascolombia.co,1/11/01,administrativo,Administrador,Paris,Daniel Mccullum,7429120,Null,Null
690787547,Administrador,William James,Naylor Marley,Masculino,william.naylor@ventascolombia.co,16/12/1995,administrativo,Administrador,Paris,Daniel Mccullum,7886661,Null,Null
234992990,Administrador,Melissa Rose,Thomson Pierce,Femenino,melissa.thomson@ventascolombia.co,3/12/90,administrativo,Administrador,Paris,Daniel Mccullum,7652713,Null,Null
338190696,Vendedor Voz a Voz,Carmen Crystal,Conley Mulkey,Femenino,carmen.conley@ventascolombia.co,25/02/2006,comercial,Vendedor Voz a Voz,Londres,Harry Cunningham,2487806,11,0
829325098,Vendedor Voz a Voz,Tracie Shirley,Garretson Purdy,Femenino,tracie.garretson@ventascolombia.co,1/2/06,comercial,Vendedor Voz a Voz,Londres,Harry Cunningham,2748482,5,0
95346370,Vendedor Voz a Voz,Nannie Summer,Gillenwaters Cortes,Femenino,nannie.gillenwaters@ventascolombia.co,13/04/1992,comercial,Vendedor Voz a Voz,Londres,Harry Cunningham,2748239,11,0
910808492,Vendedor Voz a Voz,Bertha Ryann,Brown Davidson,Femenino,bertha.brown@ventascolombia.co,17/01/2015,comercial,Vendedor Voz a Voz,Londres,Harry Cunningham,2635789,7,0
256485598,Vendedor Voz a Voz,Sara Angela,Mccluer Borders,Femenino,sara.mccluer@ventascolombia.co,25/01/1999,comercial,Vendedor Voz a Voz,Londres,Harry Cunningham,2506393,5,0
996363387,Vendedor Voz a Voz,Chris Helen,Powers Wiseman,Femenino,chris.powers@ventascolombia.co,10/2/93,comercial,Vendedor Voz a Voz,Londres,Harry Cunningham,2277865,10,0
45516622,Vendedor Call Center,Chadwick James,Jorstad Conant,Masculino,chadwick.jorstad@ventascolombia.co,12/7/09,comercial,Vendedor Call Center,Londres,Harry Cunningham,2221289,8,0
622168092,Vendedor Call Center,Edward Michael,Mccarthy Curtis,Masculino,edward.mccarthy@ventascolombia.co,2/5/13,comercial,Vendedor Call Center,Londres,Harry Cunningham,2606479,4,0
554029075,Vendedor Call Center,Angela Candace,Johnson Schwass,Femenino,angela.johnson@ventascolombia.co,21/02/1992,comercial,Vendedor Call Center,Londres,Harry Cunningham,2485418,12,0
281009455,Vendedor Call Center,Richard Nelson,Lund Butler,Masculino,richard.lund@ventascolombia.co,21/03/2009,comercial,Vendedor Call Center,Londres,Harry Cunningham,2394692,6,0
903850452,Vendedor Call Center,Mariano William,Edge Fort,Masculino,mariano.edge@ventascolombia.co,21/12/2000,comercial,Vendedor Call Center,Londres,Harry Cunningham,2056523,4,0
204100279,Vendedor Call Center,Larry Christopher,Ryder Cantara,Masculino,larry.ryder@ventascolombia.co,11/1/98,comercial,Vendedor Call Center,Londres,Harry Cunningham,2592864,6,0
170639074,Contador,Jesus Don,Gambrel Lewis,Masculino,jesus.gambrel@ventascolombia.co,2/10/93,financiero,Contador,Londres,Charmaine Anderson,3637106,Null,Null
1069838673,Contador,Adam Jesse,Potts Kryder,Masculino,adam.potts@ventascolombia.co,24/06/1997,financiero,Contador,Londres,Charmaine Anderson,3699158,Null,Null
1099598916,Contador,Clifford Jason,Lauridsen Pocius,Masculino,clifford.lauridsen@ventascolombia.co,15/05/1992,financiero,Contador,Londres,Charmaine Anderson,4355497,Null,Null
964985708,Contador,Shaneka Pauline,Vanburen Ropp,Femenino,shaneka.vanburen@ventascolombia.co,15/02/2003,financiero,Contador,Londres,Charmaine Anderson,3874287,Null,Null
1000768814,Contador,Rosie Dorothy,Myers Keith,Femenino,rosie.myers@ventascolombia.co,9/11/07,financiero,Contador,Londres,Charmaine Anderson,4256456,Null,Null
429876610,Contador,Jaclyn Justa,Skinner Weng,Femenino,jaclyn.skinner@ventascolombia.co,11/7/05,financiero,Contador,Londres,Charmaine Anderson,4296114,Null,Null
348610025,Contador,Elizabeth Patricia,Ramos Rojas,Femenino,elizabeth.ramos@ventascolombia.co,14/04/1992,financiero,Contador,Londres,Charmaine Anderson,4427752,Null,Null
584172309,Psicologia,Amanda Kyung,Todd Appleton,Femenino,amanda.todd@ventascolombia.co,2/7/91,recursos humanos,Psicologia,Londres,Ann Kelly,2946590,Null,Null
873350870,Psicologia,Antonia Genie,Phillips Mccoy,Femenino,antonia.phillips@ventascolombia.co,13/11/2002,recursos humanos,Psicologia,Londres,Ann Kelly,2716787,Null,Null
853422019,Psicologia,Thomas Carl,Kuehl Allen,Masculino,thomas.kuehl@ventascolombia.co,26/01/2015,recursos humanos,Psicologia,Londres,Ann Kelly,3238849,Null,Null
1025097963,Psicologia,Laurie Ina,Salvaggio Moulding,Femenino,laurie.salvaggio@ventascolombia.co,18/05/2001,recursos humanos,Psicologia,Londres,Ann Kelly,3070047,Null,Null
432378563,Psicologia,Earl Wayne,Maisenbacher Davis,Masculino,earl.maisenbacher@ventascolombia.co,28/03/2018,recursos humanos,Psicologia,Londres,Ann Kelly,3058629,Null,Null
796187972,Psicologia,Terry Kenneth,Nelson Durio,Masculino,terry.nelson@ventascolombia.co,4/1/96,recursos humanos,Psicologia,Londres,Ann Kelly,3270762,Null,Null
634585727,Contratacion,Gladys Lacy,Bell Carter,Femenino,gladys.bell@ventascolombia.co,17/02/2010,recursos humanos,Contratacion,Londres,Ann Kelly,3527757,Null,Null
843933902,Contratacion,Belle Amy,Schroeder Pedrick,Femenino,belle.schroeder@ventascolombia.co,6/4/11,recursos humanos,Contratacion,Londres,Ann Kelly,3255256,Null,Null
497557831,Contratacion,Patrica Estella,Flowers Miller,Femenino,patrica.flowers@ventascolombia.co,3/3/01,recursos humanos,Contratacion,Londres,Ann Kelly,3551156,Null,Null
126951346,Contratacion,Rose Julie,Smith Patterson,Femenino,rose.smith@ventascolombia.co,8/6/05,recursos humanos,Contratacion,Londres,Ann Kelly,3767267,Null,Null
189181787,Contratacion,Robert Jason,Flores Williams,Masculino,robert.flores@ventascolombia.co,23/10/1993,recursos humanos,Contratacion,Londres,Ann Kelly,3591403,Null,Null
1098299239,Contratacion,Daniel Stanley,Waller Gally,Masculino,daniel.waller@ventascolombia.co,14/12/2010,recursos humanos,Contratacion,Londres,Ann Kelly,3293487,Null,Null
816772019,Asesor Juridico,Melissa Verna,Rosales Barger,Femenino,melissa.rosales@ventascolombia.co,15/05/1993,administrativo,Asesor Juridico,Londres,Courtney Lavette,7185485,Null,Null
275635089,Asesor Juridico,Maria Katherine,Akin Bellah,Femenino,maria.akin@ventascolombia.co,24/12/2006,administrativo,Asesor Juridico,Londres,Courtney Lavette,6718972,Null,Null
124502433,Asesor Juridico,Yetta Kathleen,Elliott Reid,Femenino,yetta.elliott@ventascolombia.co,22/05/2018,administrativo,Asesor Juridico,Londres,Courtney Lavette,7034721,Null,Null
745969243,Asesor Juridico,Zelda Evelyn,Hillebrandt Sheridan,Femenino,zelda.hillebrandt@ventascolombia.co,17/03/2011,administrativo,Asesor Juridico,Londres,Courtney Lavette,6646480,Null,Null
571318929,Asesor Juridico,Mary Linda,Spence Verdejo,Femenino,mary.spence@ventascolombia.co,26/09/2008,administrativo,Asesor Juridico,Londres,Courtney Lavette,6784033,Null,Null
348975037,Gerente,Tyrone Jose,Gonzalez Orama,Masculino,tyrone.gonzalez@ventascolombia.co,27/05/1978,administrativo,Gerente,Bogota,Null,25000000,Null,Null
893471056,Sub Gerente,Emilio Jose,Perez Rojas,Masculino,emilio.perez@ventascolombia.co,13/07/1988,administrativo,Sub Gerente,Bogota,Tyrone Jose Gonzalez Orama,17000000,Null,Null
895953803,Director de Sucursal,Bell,Ward,Masculino,bell.ward@ventascolombia.co,18/11/1988,administrativo,Director de Sucursal,Bogota,Emilio Jose Perez Rojas,15000000,Null,Null
874678332,Director de Sucursal,Ricks,Maceachern,Masculino,ricks.maceachern@ventascolombia.co,19/10/1988,administrativo,Director de Sucursal,Cali,Emilio Jose Perez Rojas,15000000,Null,Null
653683566,Director de Sucursal,Herrera,Compton,Masculino,herrera.compton@ventascolombia.co,23/01/1998,administrativo,Director de Sucursal,Medellin,Emilio Jose Perez Rojas,15000000,Null,Null
265676788,Director de Sucursal,Clerk,Segal,Masculino,clerk.segal@ventascolombia.co,30/08/1988,administrativo,Director de Sucursal,Barranquilla,Emilio Jose Perez Rojas,15000000,Null,Null
277876543,Director de Sucursal,Brown,Trier,Masculino,brown.trier@ventascolombia.co,21/09/2018,administrativo,Director de Sucursal,La Habana,Emilio Jose Perez Rojas,15000000,Null,Null
895006703,Director de Sucursal,Nichols,Robinson,Masculino,nichols.robinson@ventascolombia.co,13/04/2004,administrativo,Director de Sucursal,Berlin,Emilio Jose Perez Rojas,15000000,Null,Null
893411803,Director de Sucursal,Peterson,Burnett,Masculino,peterson.burnett@ventascolombia.co,11/11/98,administrativo,Director de Sucursal,Copenhague,Emilio Jose Perez Rojas,15000000,Null,Null
905953835,Director de Sucursal,Deleo,Hartwell,Masculino,deleo.hartwell@ventascolombia.co,5/12/06,administrativo,Director de Sucursal,Bilbao,Emilio Jose Perez Rojas,15000000,Null,Null
892346269,Director de Sucursal,Conley,Rader,Masculino,conley.rader@ventascolombia.co,12/2/00,administrativo,Director de Sucursal,Helsinki,Emilio Jose Perez Rojas,15000000,Null,Null
892343803,Director de Sucursal,Whitten,Weishaar,Masculino,whitten.weishaar@ventascolombia.co,17/03/1987,administrativo,Director de Sucursal,Paris,Emilio Jose Perez Rojas,15000000,Null,Null
367953803,Director de Sucursal,Gonzalez,Loose,Masculino,gonzalez.loose@ventascolombia.co,24/05/1999,administrativo,Director de Sucursal,Barcelona,Emilio Jose Perez Rojas,15000000,Null,Null
895945774,Director de Sucursal,Mixon,Drouillard,Masculino,mixon.drouillard@ventascolombia.co,11/7/91,administrativo,Director de Sucursal,Londres,Emilio Jose Perez Rojas,15000000,Null,Null
893423578,Director de Departamento,Scott,Pecoraro,Masculino,scott.pecoraro@ventascolombia.co,17/10/1979,comercial,Director de Departamento,Bogota,Bell Ward,11550000,Null,Null
204893676,Director de Departamento,Richard,Stout,Masculino,richard.stout@ventascolombia.co,30/06/1992,recursos humanos,Director de Departamento,Bogota,Bell Ward,11400000,Null,Null
280467602,Director de Departamento,Timothy,Fields,Masculino,timothy.fields@ventascolombia.co,19/11/1995,financiero,Director de Departamento,Bogota,Bell Ward,11000000,Null,Null
768460306,Director de Departamento,Damian,Peyton,Masculino,damian.peyton@ventascolombia.co,21/02/1993,administrativo,Director de Departamento,Bogota,Bell Ward,11600000,Null,Null
198347068,Director de Departamento,Natasha,Haugen,Femenino,natasha.haugen@ventascolombia.co,23/03/1994,comercial,Director de Departamento,Cali,Ricks Maceachern,10650000,Null,Null
149876094,Director de Departamento,Melissa,Quinonez,Femenino,melissa.quinonez@ventascolombia.co,1/4/95,recursos humanos,Director de Departamento,Cali,Ricks Maceachern,11000000,Null,Null
901348637,Director de Departamento,Anthony,Allen,Masculino,anthony.allen@ventascolombia.co,2/3/94,financiero,Director de Departamento,Cali,Ricks Maceachern,10000000,Null,Null
161468429,Director de Departamento,Mildred,Milligan,Masculino,mildred.milligan@ventascolombia.co,11/3/97,administraivo,Director de Departamento,Cali,Ricks Maceachern,12000000,Null,Null
258670348,Director de Departamento,Monica,Martinez,Femenino,monica.martinez@ventascolombia.co,18/11/2001,comercial,Director de Departamento,Medellin,Herrera Compton,10758000,Null,Null
28436678,Director de Departamento,Stephanie,Pontes,Femenino,stephanie.pontes@ventascolombia.co,29/08/1993,recursos humanos,Director de Departamento,Medellin,Herrera Compton,10863000,Null,Null
203846644,Director de Departamento,Clavin,Sanders,Masculino,calvin.sanders@ventascolombia.co,25/02/1997,financiero,Director de Departamento,Medellin,Herrera Compton,10380000,Null,Null
140687579,Director de Departamento,Erick,Struebing,Masculino,erick.struebing@ventascolombia.co,27/07/2003,administrativo,Director de Departamento,Medellin,Herrera Compton,10999999,Null,Null
807431575,Director de Departamento,Steve,Mcgrath,Masculino,steve.mcgrath@ventascolombia.co,31/07/1999,comercial,Director de Departamento,Barranquilla,Clerk Segal,11500000,Null,Null
875411304,Director de Departamento,Woodrow,January,Masculino,woodrow.january@ventascolombia.co,20/06/1991,financiero,Director de Departamento,Barranquilla,Clerk Segal,11500000,Null,Null
471241757,Director de Departamento,Wanda,Sisk,Femenino,wanda.sisk@ventascolombia.co,20/02/1992,comercial,Director de Departamento,La Habana,Brown Trier,12000000,Null,Null
140387000,Director de Departamento,Alberta,Potts,Femenino,alberta.potts@ventascolombia.co,30/01/1990,financiero,Director de Departamento,La Habana,Brown Trier,10080000,Null,Null
240876766,Director de Departamento,Violet,Mangione,Femenino,violet.mangione@ventascolombia.co,3/4/84,comercial,Director de Departamento,Berlin,Nichols Robinson,11080000,Null,Null
250553053,Director de Departamento,Travis,Novak,Masculino,travis.novak@ventascolombia.co,6/4/85,financiero,Director de Departamento,Berlin,Nichols Robinson,12000000,Null,Null
471029655,Director de Departamento,Fermin,Marino,Masculino,fermin.marino@ventascolombia.co,10/6/89,administrativo,Director de Departamento,Berlin,Nichols Robinson,10000000,Null,Null
891842898,Director de Departamento,George,Lobur,Masculino,george.lobur@ventascolombia.co,12/10/92,comercial,Director de Departamento,Copenhague,Peterson Burnett,11000000,Null,Null
154620133,Director de Departamento,James,Martin,Masculino,james.martin@ventascolombia.co,1/12/95,comercial,Director de Departamento,Bilbao,Deleo Hartwell,11500000,Null,Null
474210057,Director de Departamento,Nadine,Goodman,Masculino,nadine.goodman@ventascolombia.co,2/8/99,financiero,Director de Departamento,Bilbao,Deleo Hartwell,10560000,Null,Null
168035552,Director de Departamento,Norma,Rector,Masculino,norma.rector@ventascolombia.co,10/8/99,comercial,Director de Departamento,Barcelona,Gonzalez Loose,11630000,Null,Null
204650825,Director de Departamento,Rebecca,Cone,Femenino,rebecca.cone@ventascolombia.co,12/7/02,financiero,Director de Departamento,Barcelona,Gonzalez Loose,10000000,Null,Null
204398777,Director de Departamento,Edith,Zinn,Femenino,edith.zinn@ventascolombia.co,18/05/2004,administrativo,Director de Departamento,Barcelona,Gonzalez Loose,12000000,Null,Null
98765456,Director de Departamento,Christopher,Crowe,Masculino,christopher.crowe@ventascolombia.co,23/03/2000,comercial,Director de Departamento,Helsinki,Conley Rader,11800000,Null,Null
510759998,Director de Departamento,Tamela,Hancock,Femenino,tamela.hancock@ventascolombia.co,24/02/2006,financiero,Director de Departamento,Helsinki,Conley Rader,11220000,Null,Null
455840444,Director de Departamento,Tara,Seiber,Femenino,tara.seiber@ventascolombia.co,28/08/2012,administrativo,Director de Departamento,Helsinki,Conley Rader,10370000,Null,Null
542398759,Director de Departamento,Helen,Schuman,Femenino,helen.schuman@ventascolombia.co,31/10/2016,comercial,Director de Departamento,Paris,Whitten Weishaar,10070000,Null,Null
510795861,Director de Departamento,Jeremy,Young,Masculino,jeremy.young@ventascolombia.co,7/9/13,financiero,Director de Departamento,Paris,Whitten Weishaar,11078000,Null,Null
457475680,Director de Departamento,Cheryl,Baker,Masculino,cheryl.baker@ventascolombia.co,1/4/18,recursos humanos,Director de Departamento,Paris,Whitten Weishaar,10000000,Null,Null
475167989,Director de Departamento,Daniel,Mccullum,Masculino,daniel.mccullum@ventascolombia.co,16/10/1990,administrativo,Director de Departamento,Paris,Whitten Weishaar,11000000,Null,Null
14579832,Director de Departamento,Harry,Cunningham,Masculino,harry.cunningham@ventascolombia.co,19/11/1988,comercial,Director de Departamento,Londres,Mixon Drouillard,11640000,Null,Null
101455876,Director de Departamento,Charmaine,Anderson,Masculino,charmaine.anderson@ventascolombia.co,29/10/1991,financiero,Director de Departamento,Londres,Mixon Drouillard,11640900,Null,Null
101245871,Director de Departamento,Ann,Kelly,Femenino,ann.kelly@ventascolombia.co,30/08/1997,recursos humanos,Director de Departamento,Londres,Mixon Drouillard,10640900,Null,Null
101444876,Director de Departamento,Courtney,Lavette,Masculino,courtney.lavette@ventascolombia.co,31/03/2019,administrativo,Director de Departamento,Londres,Mixon Drouillard,10647900,Null,Null
